<?xml version='1.0' encoding='utf-8'?>
<!DOCTYPE score-partwise PUBLIC "-//Recordare//DTD MusicXML 3.0 Partwise//EN" "http://www.musicxml.org/dtds/partwise.dtd">
<score-partwise>
  <work>
    <work-number>If All the Young Maidens Were Blackbirds and Thrushes</work-number>
    <work-title>Blackbirds and Thrushes</work-title>
  </work>
  <identification>
    <encoding>
      <encoder>abc2xml version 239</encoder>
      <encoding-date>2023-08-11</encoding-date>
    </encoding>
    <miscellaneous>
      <miscellaneous-field name="discography">Niamh Parsons
Quilty</miscellaneous-field>
      <miscellaneous-field name="rhythm">song
song</miscellaneous-field>
      <miscellaneous-field name="lyrics">If all the young ladies were blackbirds and thrushes
If all the young ladies were blackbirds and thrushes
Then all the young men would go beating the bushes
Right-fol-del-dal diddle-da-diddle-dal-dey

If all the young ladies were ducks on the water
If all the young ladies were ducks on the water
Then all the young men would go swimming in laughter
Right-fol-del-dal diddle-da-diddle-dal-dey

If all the young ladies were rushes a-growing
If all the young ladies were rushes a-growing
Then all the young men would get scythes and go mowing
Right-fol-del-dal diddle-da-diddle-dal-dey

If the ladies were all trout and salmon so lovely
If the ladies were all trout and salmon so lively
Then divil the men would go fishing on Friday
Right-fol-del-dal diddle-da-diddle-dal-dey

If all the young ladies were hares on the mountain
If all the young ladies were hares on the mountain
The men with their hounds would be out without countin'
Right-fol-del-dal diddle-da-diddle-dal-dey</miscellaneous-field>
      <miscellaneous-field name="transcription">id:hn-song-
id:hn-song-173</miscellaneous-field>
    </miscellaneous>
  </identification>
  <part-list>
    <score-part id="P1">
      <part-name />
    </score-part>
  </part-list>
  <part id="P1">
    <measure number="1">
      <direction placement="above">
        <direction-type>
          <metronome>
            <beat-unit>quarter</beat-unit>
            <per-minute>180</per-minute>
          </metronome>
        </direction-type>
        <sound tempo="180.00" />
      </direction>
      <attributes>
        <divisions>120</divisions>
        <key>
          <fifths>0</fifths>
          <mode>dorian</mode>
        </key>
        <time>
          <beats>3</beats>
          <beat-type>4</beat-type>
        </time>
      </attributes>
      <note>
        <pitch>
          <step>A</step>
          <octave>4</octave>
        </pitch>
        <duration>120</duration>
        <voice>1</voice>
        <type>quarter</type>
      </note>
    </measure>
    <measure number="2">
      <note>
        <pitch>
          <step>A</step>
          <octave>4</octave>
        </pitch>
        <duration>180</duration>
        <voice>1</voice>
        <type>quarter</type>
        <dot />
      </note>
      <note>
        <pitch>
          <step>D</step>
          <octave>4</octave>
        </pitch>
        <duration>60</duration>
        <voice>1</voice>
        <type>eighth</type>
        </note>
      <note>
        <pitch>
          <step>D</step>
          <octave>4</octave>
        </pitch>
        <duration>120</duration>
        <voice>1</voice>
        <type>quarter</type>
      </note>
    </measure>
    <measure number="3">
      <note>
        <pitch>
          <step>D</step>
          <octave>4</octave>
        </pitch>
        <duration>120</duration>
        <voice>1</voice>
        <type>quarter</type>
      </note>
      <note>
        <pitch>
          <step>C</step>
          <octave>4</octave>
        </pitch>
        <duration>120</duration>
        <voice>1</voice>
        <type>quarter</type>
      </note>
      <note>
        <pitch>
          <step>D</step>
          <octave>4</octave>
        </pitch>
        <duration>120</duration>
        <voice>1</voice>
        <type>quarter</type>
      </note>
    </measure>
    <measure number="4">
      <note>
        <pitch>
          <step>F</step>
          <octave>4</octave>
        </pitch>
        <duration>120</duration>
        <voice>1</voice>
        <type>quarter</type>
      </note>
      <note>
        <pitch>
          <step>G</step>
          <octave>4</octave>
        </pitch>
        <duration>120</duration>
        <voice>1</voice>
        <type>quarter</type>
      </note>
      <note>
        <pitch>
          <step>A</step>
          <octave>4</octave>
        </pitch>
        <duration>120</duration>
        <voice>1</voice>
        <type>quarter</type>
      </note>
    </measure>
    <measure number="5">
      <note>
        <pitch>
          <step>C</step>
          <octave>5</octave>
        </pitch>
        <duration>120</duration>
        <voice>1</voice>
        <type>quarter</type>
      </note>
      <note>
        <pitch>
          <step>A</step>
          <octave>4</octave>
        </pitch>
        <duration>240</duration>
        <tie type="start" />
        <voice>1</voice>
        <type>half</type>
        <notations>
          <tied type="start" />
        </notations>
      </note>
    </measure>
    <measure number="6">
      <note>
        <pitch>
          <step>A</step>
          <octave>4</octave>
        </pitch>
        <duration>240</duration>
        <tie type="stop" />
        <voice>1</voice>
        <type>half</type>
        <notations>
          <tied type="stop" />
        </notations>
      </note>
      <barline location="right">
        <bar-style>light-heavy</bar-style>
        <repeat direction="backward" />
      </barline>
    </measure>
    <measure number="7">
      <note>
        <pitch>
          <step>G</step>
          <octave>4</octave>
        </pitch>
        <duration>120</duration>
        <voice>1</voice>
        <type>quarter</type>
      </note>
    </measure>
    <measure number="8">
      <note>
        <pitch>
          <step>A</step>
          <octave>4</octave>
        </pitch>
        <duration>120</duration>
        <voice>1</voice>
        <type>quarter</type>
      </note>
      <note>
        <pitch>
          <step>D</step>
          <octave>5</octave>
        </pitch>
        <duration>120</duration>
        <voice>1</voice>
        <type>quarter</type>
      </note>
      <note>
        <pitch>
          <step>D</step>
          <octave>5</octave>
        </pitch>
        <duration>120</duration>
        <voice>1</voice>
        <type>quarter</type>
      </note>
    </measure>
    <measure number="9">
      <note>
        <pitch>
          <step>D</step>
          <octave>5</octave>
        </pitch>
        <duration>120</duration>
        <voice>1</voice>
        <type>quarter</type>
      </note>
      <note>
        <pitch>
          <step>D</step>
          <octave>4</octave>
        </pitch>
        <duration>120</duration>
        <voice>1</voice>
        <type>quarter</type>
      </note>
      <note>
        <pitch>
          <step>E</step>
          <octave>4</octave>
        </pitch>
        <duration>120</duration>
        <voice>1</voice>
        <type>quarter</type>
      </note>
    </measure>
    <measure number="10">
      <note>
        <pitch>
          <step>F</step>
          <octave>4</octave>
        </pitch>
        <duration>120</duration>
        <voice>1</voice>
        <type>quarter</type>
      </note>
      <note>
        <pitch>
          <step>G</step>
          <octave>4</octave>
        </pitch>
        <duration>120</duration>
        <voice>1</voice>
        <type>quarter</type>
      </note>
      <note>
        <pitch>
          <step>F</step>
          <octave>4</octave>
        </pitch>
        <duration>120</duration>
        <voice>1</voice>
        <type>quarter</type>
      </note>
    </measure>
    <measure number="11">
      <note>
        <pitch>
          <step>E</step>
          <octave>4</octave>
        </pitch>
        <duration>60</duration>
        <voice>1</voice>
        <type>eighth</type>
        </note>
      <note>
        <pitch>
          <step>C</step>
          <octave>4</octave>
        </pitch>
        <duration>180</duration>
        <voice>1</voice>
        <type>quarter</type>
        <dot />
      </note>
      <note>
        <pitch>
          <step>C</step>
          <octave>4</octave>
        </pitch>
        <duration>120</duration>
        <voice>1</voice>
        <type>quarter</type>
      </note>
    </measure>
    <measure number="12">
      <note>
        <pitch>
          <step>D</step>
          <octave>4</octave>
        </pitch>
        <duration>180</duration>
        <voice>1</voice>
        <type>quarter</type>
        <dot />
      </note>
      <note>
        <pitch>
          <step>E</step>
          <octave>4</octave>
        </pitch>
        <duration>60</duration>
        <voice>1</voice>
        <type>eighth</type>
        </note>
      <note>
        <pitch>
          <step>F</step>
          <octave>4</octave>
        </pitch>
        <duration>120</duration>
        <voice>1</voice>
        <type>quarter</type>
      </note>
    </measure>
    <measure number="13">
      <note>
        <pitch>
          <step>G</step>
          <octave>4</octave>
        </pitch>
        <duration>60</duration>
        <voice>1</voice>
        <type>eighth</type>
        <beam number="1">begin</beam>
      </note>
      <note>
        <pitch>
          <step>A</step>
          <octave>4</octave>
        </pitch>
        <duration>60</duration>
        <voice>1</voice>
        <type>eighth</type>
        <beam number="1">end</beam>
      </note>
      <note>
        <pitch>
          <step>G</step>
          <octave>4</octave>
        </pitch>
        <duration>240</duration>
        <voice>1</voice>
        <type>half</type>
      </note>
    </measure>
    <measure number="14">
      <note>
        <pitch>
          <step>E</step>
          <octave>4</octave>
        </pitch>
        <duration>60</duration>
        <voice>1</voice>
        <type>eighth</type>
        </note>
      <note>
        <pitch>
          <step>D</step>
          <octave>4</octave>
        </pitch>
        <duration>180</duration>
        <voice>1</voice>
        <type>quarter</type>
        <dot />
      </note>
      <note>
        <pitch>
          <step>C</step>
          <octave>4</octave>
        </pitch>
        <duration>120</duration>
        <voice>1</voice>
        <type>quarter</type>
      </note>
    </measure>
    <measure number="15">
      <note>
        <pitch>
          <step>D</step>
          <octave>4</octave>
        </pitch>
        <duration>240</duration>
        <voice>1</voice>
        <type>half</type>
      </note>
      <barline location="right">
        <bar-style>light-light</bar-style>
      </barline>
    </measure>
  </part>
</score-partwise>