<?xml version='1.0' encoding='utf-8'?>
<!DOCTYPE score-partwise PUBLIC "-//Recordare//DTD MusicXML 3.0 Partwise//EN" "http://www.musicxml.org/dtds/partwise.dtd">
<score-partwise>
  <work>
    <work-title>Black Velvet Band</work-title>
  </work>
  <identification>
    <encoding>
      <encoder>abc2xml version 239</encoder>
      <encoding-date>2023-08-11</encoding-date>
    </encoding>
    <miscellaneous>
      <miscellaneous-field name="discography">The Dubliners
The High Kings</miscellaneous-field>
      <miscellaneous-field name="rhythm">song
song</miscellaneous-field>
      <miscellaneous-field name="lyrics">In the neat little town they call Belfast
apprenticed to trade I was bound,
and many's the hour of sweet happiness
have I spent in that neat little town.

'Til a sad misfortune came over me,
which caused me to stray from the land.
Far away from my friends and companions
betrayed by the black velvet band.

Chorus:
Her eyes they shone like diamonds
I thought her the queen of the land.
And her hair it hair hung over her shoulder
tied up with a black velvet band.

I took a stroll down Broadway
Not intending to stay very long,
When who should I meet but this pretty fair maid
as she came a-prancing along.

She was both fair and handsome
Her neck it was just like a swan
And her hair it hung over her shoulder
tied up with a black velvet band

Chorus

I took a stroll with this pretty fair maid
and a gentleman passing us by,
I knew she meant the doing of him
by the look in her roguish black eye.

A gold watch she took from his pocket
And placed it right into my hand
And the very next thing that I said was
"What's this?" to the black velvet band.

Chorus

Before the Judge and the Jury
next morning I had to appear
And the judge he says to me
"Young man, your case it is proven clear."

"I'll give you seven years penal servitude
To be spent far away from the land.
Far away from your friends and companions."
Betrayed by the black velvet band.

Chorus

So come all you jolly young fellows
A warning take by me
when you are out on the town, my lads,
beware of the pretty colleens.

They'll feed you to strong drink, my lads,
'til you are unable to stand
And the very next thing that you'll know is
You've landed in Van Diemen's Land.

Chorus</miscellaneous-field>
      <miscellaneous-field name="transcription">id:hn-song-
id:hn-song-12</miscellaneous-field>
    </miscellaneous>
  </identification>
  <part-list>
    <score-part id="P1">
      <part-name />
    </score-part>
  </part-list>
  <part id="P1">
    <measure number="1">
      <direction placement="above">
        <direction-type>
          <metronome>
            <beat-unit>quarter</beat-unit>
            <per-minute>180</per-minute>
          </metronome>
        </direction-type>
        <sound tempo="180.00" />
      </direction>
      <attributes>
        <divisions>120</divisions>
        <key>
          <fifths>-1</fifths>
          <mode>major</mode>
        </key>
        <time>
          <beats>3</beats>
          <beat-type>4</beat-type>
        </time>
      </attributes>
      <note>
        <pitch>
          <step>C</step>
          <octave>5</octave>
        </pitch>
        <duration>60</duration>
        <voice>1</voice>
        <type>eighth</type>
        <beam number="1">begin</beam>
      </note>
      <note>
        <pitch>
          <step>C</step>
          <octave>5</octave>
        </pitch>
        <duration>60</duration>
        <voice>1</voice>
        <type>eighth</type>
        <beam number="1">end</beam>
      </note>
    </measure>
    <measure number="2">
      <note>
        <pitch>
          <step>C</step>
          <octave>5</octave>
        </pitch>
        <duration>180</duration>
        <voice>1</voice>
        <type>quarter</type>
        <dot />
      </note>
      <note>
        <pitch>
          <step>C</step>
          <octave>5</octave>
        </pitch>
        <duration>60</duration>
        <voice>1</voice>
        <type>eighth</type>
        </note>
      <note>
        <pitch>
          <step>C</step>
          <octave>5</octave>
        </pitch>
        <duration>120</duration>
        <voice>1</voice>
        <type>quarter</type>
      </note>
    </measure>
    <measure number="3">
      <note>
        <pitch>
          <step>A</step>
          <octave>4</octave>
        </pitch>
        <duration>120</duration>
        <voice>1</voice>
        <type>quarter</type>
      </note>
      <note>
        <pitch>
          <step>B</step>
          <alter>-1</alter>
          <octave>4</octave>
        </pitch>
        <duration>120</duration>
        <voice>1</voice>
        <type>quarter</type>
      </note>
      <note>
        <pitch>
          <step>C</step>
          <octave>5</octave>
        </pitch>
        <duration>120</duration>
        <voice>1</voice>
        <type>quarter</type>
      </note>
    </measure>
    <measure number="4">
      <note>
        <pitch>
          <step>B</step>
          <alter>-1</alter>
          <octave>4</octave>
        </pitch>
        <duration>120</duration>
        <voice>1</voice>
        <type>quarter</type>
      </note>
      <note>
        <pitch>
          <step>A</step>
          <octave>4</octave>
        </pitch>
        <duration>240</duration>
        <tie type="start" />
        <voice>1</voice>
        <type>half</type>
        <notations>
          <tied type="start" />
        </notations>
      </note>
    </measure>
    <measure number="5">
      <note>
        <pitch>
          <step>A</step>
          <octave>4</octave>
        </pitch>
        <duration>240</duration>
        <tie type="stop" />
        <voice>1</voice>
        <type>half</type>
        <notations>
          <tied type="stop" />
        </notations>
      </note>
      <note>
        <pitch>
          <step>G</step>
          <octave>4</octave>
        </pitch>
        <duration>120</duration>
        <voice>1</voice>
        <type>quarter</type>
      </note>
    </measure>
    <measure number="6">
      <note>
        <pitch>
          <step>F</step>
          <octave>4</octave>
        </pitch>
        <duration>120</duration>
        <voice>1</voice>
        <type>quarter</type>
      </note>
      <note>
        <pitch>
          <step>G</step>
          <octave>4</octave>
        </pitch>
        <duration>120</duration>
        <voice>1</voice>
        <type>quarter</type>
      </note>
      <note>
        <pitch>
          <step>A</step>
          <octave>4</octave>
        </pitch>
        <duration>120</duration>
        <voice>1</voice>
        <type>quarter</type>
      </note>
    </measure>
    <measure number="7">
      <note>
        <pitch>
          <step>F</step>
          <octave>4</octave>
        </pitch>
        <duration>120</duration>
        <voice>1</voice>
        <type>quarter</type>
      </note>
      <note>
        <pitch>
          <step>E</step>
          <octave>4</octave>
        </pitch>
        <duration>120</duration>
        <voice>1</voice>
        <type>quarter</type>
      </note>
      <note>
        <pitch>
          <step>D</step>
          <octave>4</octave>
        </pitch>
        <duration>120</duration>
        <voice>1</voice>
        <type>quarter</type>
      </note>
    </measure>
    <measure number="8">
      <note>
        <pitch>
          <step>C</step>
          <octave>4</octave>
        </pitch>
        <duration>360</duration>
        <tie type="start" />
        <voice>1</voice>
        <type>half</type>
        <dot />
        <notations>
          <tied type="start" />
        </notations>
      </note>
    </measure>
    <measure number="9">
      <note>
        <pitch>
          <step>C</step>
          <octave>4</octave>
        </pitch>
        <duration>240</duration>
        <tie type="stop" />
        <voice>1</voice>
        <type>half</type>
        <notations>
          <tied type="stop" />
        </notations>
      </note>
      <note>
        <pitch>
          <step>C</step>
          <octave>5</octave>
        </pitch>
        <duration>60</duration>
        <voice>1</voice>
        <type>eighth</type>
        <beam number="1">begin</beam>
        <notations>
          <slur number="1" type="start" />
        </notations>
      </note>
      <note>
        <pitch>
          <step>B</step>
          <alter>-1</alter>
          <octave>4</octave>
        </pitch>
        <duration>60</duration>
        <voice>1</voice>
        <type>eighth</type>
        <beam number="1">end</beam>
        <notations>
          <slur number="1" type="stop" />
        </notations>
      </note>
    </measure>
    <measure number="10">
      <note>
        <pitch>
          <step>A</step>
          <octave>4</octave>
        </pitch>
        <duration>120</duration>
        <voice>1</voice>
        <type>quarter</type>
      </note>
      <note>
        <pitch>
          <step>A</step>
          <octave>4</octave>
        </pitch>
        <duration>120</duration>
        <voice>1</voice>
        <type>quarter</type>
      </note>
      <note>
        <pitch>
          <step>A</step>
          <octave>4</octave>
        </pitch>
        <duration>120</duration>
        <voice>1</voice>
        <type>quarter</type>
      </note>
    </measure>
    <measure number="11">
      <note>
        <pitch>
          <step>C</step>
          <octave>4</octave>
        </pitch>
        <duration>120</duration>
        <voice>1</voice>
        <type>quarter</type>
      </note>
      <note>
        <pitch>
          <step>D</step>
          <octave>4</octave>
        </pitch>
        <duration>120</duration>
        <voice>1</voice>
        <type>quarter</type>
      </note>
      <note>
        <pitch>
          <step>E</step>
          <octave>4</octave>
        </pitch>
        <duration>120</duration>
        <voice>1</voice>
        <type>quarter</type>
      </note>
    </measure>
    <measure number="12">
      <note>
        <pitch>
          <step>F</step>
          <octave>4</octave>
        </pitch>
        <duration>240</duration>
        <voice>1</voice>
        <type>half</type>
      </note>
      <note>
        <pitch>
          <step>G</step>
          <octave>4</octave>
        </pitch>
        <duration>120</duration>
        <voice>1</voice>
        <type>quarter</type>
      </note>
    </measure>
    <measure number="13">
      <note>
        <pitch>
          <step>A</step>
          <octave>4</octave>
        </pitch>
        <duration>240</duration>
        <voice>1</voice>
        <type>half</type>
      </note>
      <note>
        <pitch>
          <step>A</step>
          <octave>4</octave>
        </pitch>
        <duration>60</duration>
        <voice>1</voice>
        <type>eighth</type>
        <beam number="1">begin</beam>
      </note>
      <note>
        <pitch>
          <step>A</step>
          <octave>4</octave>
        </pitch>
        <duration>60</duration>
        <voice>1</voice>
        <type>eighth</type>
        <beam number="1">end</beam>
      </note>
    </measure>
    <measure number="14">
      <note>
        <pitch>
          <step>G</step>
          <octave>4</octave>
        </pitch>
        <duration>120</duration>
        <voice>1</voice>
        <type>quarter</type>
      </note>
      <note>
        <pitch>
          <step>A</step>
          <octave>4</octave>
        </pitch>
        <duration>120</duration>
        <voice>1</voice>
        <type>quarter</type>
      </note>
      <note>
        <pitch>
          <step>B</step>
          <alter>-1</alter>
          <octave>4</octave>
        </pitch>
        <duration>120</duration>
        <voice>1</voice>
        <type>quarter</type>
      </note>
    </measure>
    <measure number="15">
      <note>
        <pitch>
          <step>E</step>
          <octave>4</octave>
        </pitch>
        <duration>120</duration>
        <voice>1</voice>
        <type>quarter</type>
      </note>
      <note>
        <pitch>
          <step>F</step>
          <octave>4</octave>
        </pitch>
        <duration>120</duration>
        <voice>1</voice>
        <type>quarter</type>
      </note>
      <note>
        <pitch>
          <step>G</step>
          <octave>4</octave>
        </pitch>
        <duration>120</duration>
        <voice>1</voice>
        <type>quarter</type>
      </note>
    </measure>
    <measure number="16">
      <note>
        <pitch>
          <step>F</step>
          <octave>4</octave>
        </pitch>
        <duration>360</duration>
        <tie type="start" />
        <voice>1</voice>
        <type>half</type>
        <dot />
        <notations>
          <tied type="start" />
        </notations>
      </note>
    </measure>
    <measure number="17">
      <note>
        <pitch>
          <step>F</step>
          <octave>4</octave>
        </pitch>
        <duration>240</duration>
        <tie type="stop" />
        <voice>1</voice>
        <type>half</type>
        <notations>
          <tied type="stop" />
        </notations>
      </note>
      <barline location="right">
        <bar-style>light-heavy</bar-style>
        <repeat direction="backward" />
      </barline>
    </measure>
    <measure number="18">
      <note>
        <pitch>
          <step>C</step>
          <octave>5</octave>
        </pitch>
        <duration>120</duration>
        <voice>1</voice>
        <type>quarter</type>
      </note>
    </measure>
    <measure number="19">
      <note>
        <pitch>
          <step>C</step>
          <octave>5</octave>
        </pitch>
        <duration>240</duration>
        <voice>1</voice>
        <type>half</type>
      </note>
      <note>
        <pitch>
          <step>C</step>
          <octave>5</octave>
        </pitch>
        <duration>120</duration>
        <voice>1</voice>
        <type>quarter</type>
      </note>
    </measure>
    <measure number="20">
      <note>
        <pitch>
          <step>A</step>
          <octave>4</octave>
        </pitch>
        <duration>120</duration>
        <voice>1</voice>
        <type>quarter</type>
        <notations>
          <slur number="1" type="start" />
        </notations>
      </note>
      <note>
        <pitch>
          <step>B</step>
          <alter>-1</alter>
          <octave>4</octave>
        </pitch>
        <duration>120</duration>
        <voice>1</voice>
        <type>quarter</type>
        <notations>
          <slur number="1" type="stop" />
        </notations>
      </note>
      <note>
        <pitch>
          <step>C</step>
          <octave>5</octave>
        </pitch>
        <duration>120</duration>
        <voice>1</voice>
        <type>quarter</type>
      </note>
    </measure>
    <measure number="21">
      <note>
        <pitch>
          <step>B</step>
          <alter>-1</alter>
          <octave>4</octave>
        </pitch>
        <duration>120</duration>
        <voice>1</voice>
        <type>quarter</type>
      </note>
      <note>
        <pitch>
          <step>A</step>
          <octave>4</octave>
        </pitch>
        <duration>240</duration>
        <tie type="start" />
        <voice>1</voice>
        <type>half</type>
        <notations>
          <tied type="start" />
        </notations>
      </note>
    </measure>
    <measure number="22">
      <note>
        <pitch>
          <step>A</step>
          <octave>4</octave>
        </pitch>
        <duration>240</duration>
        <tie type="stop" />
        <voice>1</voice>
        <type>half</type>
        <notations>
          <tied type="stop" />
        </notations>
      </note>
      <note>
        <pitch>
          <step>G</step>
          <octave>4</octave>
        </pitch>
        <duration>120</duration>
        <voice>1</voice>
        <type>quarter</type>
      </note>
    </measure>
    <measure number="23">
      <note>
        <pitch>
          <step>F</step>
          <octave>4</octave>
        </pitch>
        <duration>120</duration>
        <voice>1</voice>
        <type>quarter</type>
      </note>
      <note>
        <pitch>
          <step>G</step>
          <octave>4</octave>
        </pitch>
        <duration>120</duration>
        <voice>1</voice>
        <type>quarter</type>
      </note>
      <note>
        <pitch>
          <step>A</step>
          <octave>4</octave>
        </pitch>
        <duration>120</duration>
        <voice>1</voice>
        <type>quarter</type>
      </note>
    </measure>
    <measure number="24">
      <note>
        <pitch>
          <step>F</step>
          <octave>4</octave>
        </pitch>
        <duration>120</duration>
        <voice>1</voice>
        <type>quarter</type>
      </note>
      <note>
        <pitch>
          <step>E</step>
          <octave>4</octave>
        </pitch>
        <duration>120</duration>
        <voice>1</voice>
        <type>quarter</type>
      </note>
      <note>
        <pitch>
          <step>D</step>
          <octave>4</octave>
        </pitch>
        <duration>120</duration>
        <voice>1</voice>
        <type>quarter</type>
      </note>
    </measure>
    <measure number="25">
      <note>
        <pitch>
          <step>C</step>
          <octave>4</octave>
        </pitch>
        <duration>360</duration>
        <tie type="start" />
        <voice>1</voice>
        <type>half</type>
        <dot />
        <notations>
          <tied type="start" />
        </notations>
      </note>
    </measure>
    <measure number="26">
      <note>
        <pitch>
          <step>C</step>
          <octave>4</octave>
        </pitch>
        <duration>240</duration>
        <tie type="stop" />
        <voice>1</voice>
        <type>half</type>
        <notations>
          <tied type="stop" />
        </notations>
      </note>
      <note>
        <pitch>
          <step>C</step>
          <octave>5</octave>
        </pitch>
        <duration>60</duration>
        <voice>1</voice>
        <type>eighth</type>
        <beam number="1">begin</beam>
      </note>
      <note>
        <pitch>
          <step>B</step>
          <alter>-1</alter>
          <octave>4</octave>
        </pitch>
        <duration>60</duration>
        <voice>1</voice>
        <type>eighth</type>
        <beam number="1">end</beam>
      </note>
    </measure>
    <measure number="27">
      <note>
        <pitch>
          <step>A</step>
          <octave>4</octave>
        </pitch>
        <duration>120</duration>
        <voice>1</voice>
        <type>quarter</type>
      </note>
      <note>
        <pitch>
          <step>A</step>
          <octave>4</octave>
        </pitch>
        <duration>120</duration>
        <voice>1</voice>
        <type>quarter</type>
      </note>
      <note>
        <pitch>
          <step>A</step>
          <octave>4</octave>
        </pitch>
        <duration>120</duration>
        <voice>1</voice>
        <type>quarter</type>
      </note>
    </measure>
    <measure number="28">
      <note>
        <pitch>
          <step>C</step>
          <octave>4</octave>
        </pitch>
        <duration>120</duration>
        <voice>1</voice>
        <type>quarter</type>
      </note>
      <note>
        <pitch>
          <step>D</step>
          <octave>4</octave>
        </pitch>
        <duration>120</duration>
        <voice>1</voice>
        <type>quarter</type>
      </note>
      <note>
        <pitch>
          <step>E</step>
          <octave>4</octave>
        </pitch>
        <duration>120</duration>
        <voice>1</voice>
        <type>quarter</type>
      </note>
    </measure>
    <measure number="29">
      <note>
        <pitch>
          <step>F</step>
          <octave>4</octave>
        </pitch>
        <duration>240</duration>
        <voice>1</voice>
        <type>half</type>
        <notations>
          <slur number="1" type="start" />
        </notations>
      </note>
      <note>
        <pitch>
          <step>G</step>
          <octave>4</octave>
        </pitch>
        <duration>120</duration>
        <voice>1</voice>
        <type>quarter</type>
        <notations>
          <slur number="1" type="stop" />
        </notations>
      </note>
    </measure>
    <measure number="30">
      <note>
        <pitch>
          <step>A</step>
          <octave>4</octave>
        </pitch>
        <duration>240</duration>
        <voice>1</voice>
        <type>half</type>
      </note>
      <note>
        <pitch>
          <step>A</step>
          <octave>4</octave>
        </pitch>
        <duration>120</duration>
        <voice>1</voice>
        <type>quarter</type>
      </note>
    </measure>
    <measure number="31">
      <note>
        <pitch>
          <step>G</step>
          <octave>4</octave>
        </pitch>
        <duration>120</duration>
        <voice>1</voice>
        <type>quarter</type>
      </note>
      <note>
        <pitch>
          <step>A</step>
          <octave>4</octave>
        </pitch>
        <duration>120</duration>
        <voice>1</voice>
        <type>quarter</type>
      </note>
      <note>
        <pitch>
          <step>B</step>
          <alter>-1</alter>
          <octave>4</octave>
        </pitch>
        <duration>120</duration>
        <voice>1</voice>
        <type>quarter</type>
      </note>
    </measure>
    <measure number="32">
      <note>
        <pitch>
          <step>E</step>
          <octave>4</octave>
        </pitch>
        <duration>120</duration>
        <voice>1</voice>
        <type>quarter</type>
      </note>
      <note>
        <pitch>
          <step>F</step>
          <octave>4</octave>
        </pitch>
        <duration>120</duration>
        <voice>1</voice>
        <type>quarter</type>
      </note>
      <note>
        <pitch>
          <step>G</step>
          <octave>4</octave>
        </pitch>
        <duration>120</duration>
        <voice>1</voice>
        <type>quarter</type>
      </note>
    </measure>
    <measure number="33">
      <note>
        <pitch>
          <step>F</step>
          <octave>4</octave>
        </pitch>
        <duration>360</duration>
        <tie type="start" />
        <voice>1</voice>
        <type>half</type>
        <dot />
        <notations>
          <tied type="start" />
        </notations>
      </note>
    </measure>
    <measure number="34">
      <note>
        <pitch>
          <step>F</step>
          <octave>4</octave>
        </pitch>
        <duration>240</duration>
        <tie type="stop" />
        <voice>1</voice>
        <type>half</type>
        <notations>
          <tied type="stop" />
        </notations>
      </note>
      <barline location="right">
        <bar-style>light-light</bar-style>
      </barline>
    </measure>
  </part>
</score-partwise>