<?xml version="1.0" encoding="utf-8"?>
<!DOCTYPE score-partwise  PUBLIC "-//Recordare//DTD MusicXML 4.0 Partwise//EN" "http://www.musicxml.org/dtds/partwise.dtd">
<score-partwise version="4.0">
  <movement-title>Music21 Fragment</movement-title>
  <identification>
    <creator type="composer">Music21</creator>
    <encoding>
      <encoding-date>2023-08-25</encoding-date>
      <software>music21 v.9.1.0</software>
    </encoding>
  </identification>
  <defaults>
    <scaling>
      <millimeters>7</millimeters>
      <tenths>40</tenths>
    </scaling>
  </defaults>
  <part-list>
    <score-part id="P82dd90d61f808873a3c318a569c5e212">
      <part-name>Solo Cello</part-name>
      <part-abbreviation>Vc</part-abbreviation>
      <score-instrument id="Ie01dc702347e10ff30a874d131ad3754">
        <instrument-name>Solo Cello</instrument-name>
        <instrument-abbreviation>Vc</instrument-abbreviation>
      </score-instrument>
      <midi-instrument id="Ie01dc702347e10ff30a874d131ad3754">
        <midi-channel>1</midi-channel>
        <midi-program>43</midi-program>
      </midi-instrument>
    </score-part>
  </part-list>
  <!--=========================== Part 1 ===========================-->
  <part id="P82dd90d61f808873a3c318a569c5e212">
    <!--========================= Measure 1 ==========================-->
    <measure implicit="no" number="1">
      <attributes>
        <divisions>10080</divisions>
        <key>
          <fifths>-3</fifths>
          <mode>major</mode>
        </key>
        <time>
          <beats>3</beats>
          <beat-type>4</beat-type>
        </time>
        <clef>
          <sign>F</sign>
          <line>4</line>
        </clef>
      </attributes>
      <direction>
        <direction-type>
          <metronome parentheses="no">
            <beat-unit>quarter</beat-unit>
            <per-minute>46</per-minute>
          </metronome>
        </direction-type>
        <sound tempo="46" />
      </direction>
      <note dynamics="111.11">
        <pitch>
          <step>G</step>
          <octave>3</octave>
        </pitch>
        <duration>5040</duration>
        <instrument id="Ie01dc702347e10ff30a874d131ad3754" />
        <type>eighth</type>
        <stem>down</stem>
        <beam number="1">begin</beam>
      </note>
      <note dynamics="111.11">
        <pitch>
          <step>E</step>
          <alter>-1</alter>
          <octave>3</octave>
        </pitch>
        <duration>5040</duration>
        <instrument id="Ie01dc702347e10ff30a874d131ad3754" />
        <type>eighth</type>
        <stem>down</stem>
        <beam number="1">end</beam>
      </note>
      <note dynamics="111.11">
        <pitch>
          <step>B</step>
          <alter>0</alter>
          <octave>2</octave>
        </pitch>
        <duration>5040</duration>
        <instrument id="Ie01dc702347e10ff30a874d131ad3754" />
        <type>eighth</type>
        <accidental>natural</accidental>
        <stem>up</stem>
        <beam number="1">begin</beam>
      </note>
      <note dynamics="111.11">
        <pitch>
          <step>C</step>
          <octave>3</octave>
        </pitch>
        <duration>5040</duration>
        <instrument id="Ie01dc702347e10ff30a874d131ad3754" />
        <type>eighth</type>
        <stem>up</stem>
        <beam number="1">end</beam>
      </note>
      <note dynamics="111.11">
        <pitch>
          <step>G</step>
          <alter>1</alter>
          <octave>2</octave>
        </pitch>
        <duration>10080</duration>
        <instrument id="Ie01dc702347e10ff30a874d131ad3754" />
        <type>quarter</type>
        <accidental>sharp</accidental>
      </note>
    </measure>
    <!--========================= Measure 2 ==========================-->
    <measure implicit="no" number="2">
      <note dynamics="111.11">
        <pitch>
          <step>C</step>
          <octave>4</octave>
        </pitch>
        <duration>5040</duration>
        <instrument id="Ie01dc702347e10ff30a874d131ad3754" />
        <type>eighth</type>
        <stem>down</stem>
        <beam number="1">begin</beam>
      </note>
      <note dynamics="111.11">
        <pitch>
          <step>G</step>
          <alter>1</alter>
          <octave>3</octave>
        </pitch>
        <duration>5040</duration>
        <instrument id="Ie01dc702347e10ff30a874d131ad3754" />
        <type>eighth</type>
        <accidental>sharp</accidental>
        <stem>down</stem>
        <beam number="1">end</beam>
      </note>
      <note dynamics="111.11">
        <pitch>
          <step>E</step>
          <alter>0</alter>
          <octave>3</octave>
        </pitch>
        <duration>5040</duration>
        <instrument id="Ie01dc702347e10ff30a874d131ad3754" />
        <type>eighth</type>
        <accidental>natural</accidental>
        <stem>down</stem>
        <beam number="1">begin</beam>
      </note>
      <note dynamics="111.11">
        <pitch>
          <step>F</step>
          <octave>3</octave>
        </pitch>
        <duration>5040</duration>
        <instrument id="Ie01dc702347e10ff30a874d131ad3754" />
        <type>eighth</type>
        <stem>down</stem>
        <beam number="1">end</beam>
      </note>
      <note dynamics="111.11">
        <pitch>
          <step>B</step>
          <alter>0</alter>
          <octave>2</octave>
        </pitch>
        <duration>10080</duration>
        <instrument id="Ie01dc702347e10ff30a874d131ad3754" />
        <type>quarter</type>
        <accidental>natural</accidental>
      </note>
    </measure>
    <!--========================= Measure 3 ==========================-->
    <measure implicit="no" number="3">
      <note dynamics="111.11">
        <pitch>
          <step>D</step>
          <octave>4</octave>
        </pitch>
        <duration>5040</duration>
        <instrument id="Ie01dc702347e10ff30a874d131ad3754" />
        <type>eighth</type>
        <stem>down</stem>
        <beam number="1">begin</beam>
      </note>
      <note dynamics="111.11">
        <pitch>
          <step>G</step>
          <alter>1</alter>
          <octave>3</octave>
        </pitch>
        <duration>5040</duration>
        <instrument id="Ie01dc702347e10ff30a874d131ad3754" />
        <type>eighth</type>
        <accidental>sharp</accidental>
        <stem>down</stem>
        <beam number="1">end</beam>
      </note>
      <note dynamics="111.11">
        <pitch>
          <step>E</step>
          <alter>0</alter>
          <octave>3</octave>
        </pitch>
        <duration>5040</duration>
        <instrument id="Ie01dc702347e10ff30a874d131ad3754" />
        <type>eighth</type>
        <accidental>natural</accidental>
        <stem>down</stem>
        <beam number="1">begin</beam>
      </note>
      <note dynamics="111.11">
        <pitch>
          <step>F</step>
          <octave>3</octave>
        </pitch>
        <duration>5040</duration>
        <instrument id="Ie01dc702347e10ff30a874d131ad3754" />
        <type>eighth</type>
        <stem>down</stem>
        <beam number="1">end</beam>
      </note>
      <note dynamics="111.11">
        <pitch>
          <step>G</step>
          <alter>0</alter>
          <octave>2</octave>
        </pitch>
        <duration>5040</duration>
        <instrument id="Ie01dc702347e10ff30a874d131ad3754" />
        <type>eighth</type>
        <accidental>natural</accidental>
        <stem>up</stem>
        <beam number="1">begin</beam>
      </note>
      <note dynamics="111.11">
        <pitch>
          <step>G</step>
          <alter>0</alter>
          <octave>3</octave>
        </pitch>
        <duration>5040</duration>
        <instrument id="Ie01dc702347e10ff30a874d131ad3754" />
        <type>eighth</type>
        <accidental>natural</accidental>
        <stem>up</stem>
        <beam number="1">end</beam>
      </note>
    </measure>
    <!--========================= Measure 4 ==========================-->
    <measure implicit="no" number="4">
      <note dynamics="111.11">
        <pitch>
          <step>F</step>
          <octave>3</octave>
        </pitch>
        <duration>5040</duration>
        <instrument id="Ie01dc702347e10ff30a874d131ad3754" />
        <type>eighth</type>
        <stem>down</stem>
        <beam number="1">begin</beam>
      </note>
      <note dynamics="111.11">
        <pitch>
          <step>E</step>
          <alter>-1</alter>
          <octave>3</octave>
        </pitch>
        <duration>5040</duration>
        <instrument id="Ie01dc702347e10ff30a874d131ad3754" />
        <type>eighth</type>
        <accidental>flat</accidental>
        <stem>down</stem>
        <beam number="1">end</beam>
      </note>
      <note dynamics="111.11">
        <pitch>
          <step>B</step>
          <alter>0</alter>
          <octave>2</octave>
        </pitch>
        <duration>5040</duration>
        <instrument id="Ie01dc702347e10ff30a874d131ad3754" />
        <type>eighth</type>
        <accidental>natural</accidental>
        <stem>up</stem>
        <beam number="1">begin</beam>
      </note>
      <note dynamics="111.11">
        <pitch>
          <step>C</step>
          <octave>3</octave>
        </pitch>
        <duration>5040</duration>
        <instrument id="Ie01dc702347e10ff30a874d131ad3754" />
        <type>eighth</type>
        <stem>up</stem>
        <beam number="1">end</beam>
      </note>
      <note dynamics="111.11">
        <pitch>
          <step>C</step>
          <octave>2</octave>
        </pitch>
        <duration>10080</duration>
        <instrument id="Ie01dc702347e10ff30a874d131ad3754" />
        <type>quarter</type>
      </note>
    </measure>
    <!--========================= Measure 5 ==========================-->
    <measure implicit="no" number="5">
      <note dynamics="111.11">
        <pitch>
          <step>C</step>
          <octave>3</octave>
        </pitch>
        <duration>5040</duration>
        <instrument id="Ie01dc702347e10ff30a874d131ad3754" />
        <type>eighth</type>
        <stem>down</stem>
        <beam number="1">begin</beam>
      </note>
      <note dynamics="111.11">
        <pitch>
          <step>E</step>
          <alter>-1</alter>
          <octave>3</octave>
        </pitch>
        <duration>5040</duration>
        <instrument id="Ie01dc702347e10ff30a874d131ad3754" />
        <type>eighth</type>
        <stem>down</stem>
        <beam number="1">end</beam>
      </note>
      <note dynamics="111.11">
        <pitch>
          <step>G</step>
          <alter>1</alter>
          <octave>3</octave>
        </pitch>
        <duration>5040</duration>
        <instrument id="Ie01dc702347e10ff30a874d131ad3754" />
        <type>eighth</type>
        <accidental>sharp</accidental>
        <stem>down</stem>
        <beam number="1">begin</beam>
      </note>
      <note dynamics="111.11">
        <pitch>
          <step>G</step>
          <alter>0</alter>
          <octave>3</octave>
        </pitch>
        <duration>5040</duration>
        <instrument id="Ie01dc702347e10ff30a874d131ad3754" />
        <type>eighth</type>
        <accidental>natural</accidental>
        <stem>down</stem>
        <beam number="1">end</beam>
      </note>
      <note dynamics="111.11">
        <pitch>
          <step>C</step>
          <alter>1</alter>
          <octave>4</octave>
        </pitch>
        <duration>5040</duration>
        <instrument id="Ie01dc702347e10ff30a874d131ad3754" />
        <type>eighth</type>
        <accidental>sharp</accidental>
        <stem>down</stem>
        <beam number="1">begin</beam>
      </note>
      <note dynamics="111.11">
        <pitch>
          <step>C</step>
          <alter>0</alter>
          <octave>4</octave>
        </pitch>
        <duration>5040</duration>
        <instrument id="Ie01dc702347e10ff30a874d131ad3754" />
        <type>eighth</type>
        <accidental>natural</accidental>
        <stem>down</stem>
        <beam number="1">end</beam>
      </note>
    </measure>
    <!--========================= Measure 6 ==========================-->
    <measure implicit="no" number="6">
      <note dynamics="111.11">
        <pitch>
          <step>D</step>
          <octave>3</octave>
        </pitch>
        <duration>5040</duration>
        <instrument id="Ie01dc702347e10ff30a874d131ad3754" />
        <type>eighth</type>
        <stem>down</stem>
        <beam number="1">begin</beam>
      </note>
      <note dynamics="111.11">
        <pitch>
          <step>F</step>
          <octave>3</octave>
        </pitch>
        <duration>5040</duration>
        <instrument id="Ie01dc702347e10ff30a874d131ad3754" />
        <type>eighth</type>
        <stem>down</stem>
        <beam number="1">end</beam>
      </note>
      <note dynamics="111.11">
        <pitch>
          <step>B</step>
          <alter>-1</alter>
          <octave>3</octave>
        </pitch>
        <duration>5040</duration>
        <instrument id="Ie01dc702347e10ff30a874d131ad3754" />
        <type>eighth</type>
        <stem>down</stem>
        <beam number="1">begin</beam>
      </note>
      <note dynamics="111.11">
        <pitch>
          <step>G</step>
          <alter>1</alter>
          <octave>3</octave>
        </pitch>
        <duration>5040</duration>
        <instrument id="Ie01dc702347e10ff30a874d131ad3754" />
        <type>eighth</type>
        <accidental>sharp</accidental>
        <stem>down</stem>
        <beam number="1">end</beam>
      </note>
      <note dynamics="111.11">
        <pitch>
          <step>C</step>
          <octave>4</octave>
        </pitch>
        <duration>5040</duration>
        <instrument id="Ie01dc702347e10ff30a874d131ad3754" />
        <type>eighth</type>
        <stem>down</stem>
        <beam number="1">begin</beam>
      </note>
      <note dynamics="111.11">
        <pitch>
          <step>B</step>
          <alter>-1</alter>
          <octave>3</octave>
        </pitch>
        <duration>5040</duration>
        <instrument id="Ie01dc702347e10ff30a874d131ad3754" />
        <type>eighth</type>
        <stem>down</stem>
        <beam number="1">end</beam>
      </note>
    </measure>
    <!--========================= Measure 7 ==========================-->
    <measure implicit="no" number="7">
      <note dynamics="111.11">
        <pitch>
          <step>G</step>
          <alter>1</alter>
          <octave>3</octave>
        </pitch>
        <duration>5040</duration>
        <instrument id="Ie01dc702347e10ff30a874d131ad3754" />
        <type>eighth</type>
        <accidental>sharp</accidental>
        <stem>down</stem>
        <beam number="1">begin</beam>
      </note>
      <note dynamics="111.11">
        <pitch>
          <step>G</step>
          <alter>0</alter>
          <octave>3</octave>
        </pitch>
        <duration>5040</duration>
        <instrument id="Ie01dc702347e10ff30a874d131ad3754" />
        <type>eighth</type>
        <accidental>natural</accidental>
        <stem>down</stem>
        <beam number="1">end</beam>
      </note>
      <note dynamics="111.11">
        <pitch>
          <step>D</step>
          <octave>3</octave>
        </pitch>
        <duration>5040</duration>
        <instrument id="Ie01dc702347e10ff30a874d131ad3754" />
        <type>eighth</type>
        <stem>down</stem>
        <beam number="1">begin</beam>
      </note>
      <note dynamics="111.11">
        <pitch>
          <step>E</step>
          <alter>-1</alter>
          <octave>3</octave>
        </pitch>
        <duration>5040</duration>
        <instrument id="Ie01dc702347e10ff30a874d131ad3754" />
        <type>eighth</type>
        <stem>down</stem>
        <beam number="1">end</beam>
      </note>
      <note dynamics="111.11">
        <pitch>
          <step>B</step>
          <alter>-1</alter>
          <octave>2</octave>
        </pitch>
        <duration>5040</duration>
        <instrument id="Ie01dc702347e10ff30a874d131ad3754" />
        <type>eighth</type>
        <stem>up</stem>
        <beam number="1">begin</beam>
      </note>
      <note dynamics="111.11">
        <pitch>
          <step>D</step>
          <octave>3</octave>
        </pitch>
        <duration>5040</duration>
        <instrument id="Ie01dc702347e10ff30a874d131ad3754" />
        <type>eighth</type>
        <stem>up</stem>
        <beam number="1">end</beam>
      </note>
    </measure>
    <!--========================= Measure 8 ==========================-->
    <measure implicit="no" number="8">
      <note dynamics="111.11">
        <pitch>
          <step>E</step>
          <alter>-1</alter>
          <octave>2</octave>
        </pitch>
        <duration>30240</duration>
        <instrument id="Ie01dc702347e10ff30a874d131ad3754" />
        <type>half</type>
        <dot />
      </note>
    </measure>
    <!--========================= Measure 9 ==========================-->
    <measure implicit="no" number="9">
      <note dynamics="111.11">
        <pitch>
          <step>G</step>
          <octave>3</octave>
        </pitch>
        <duration>5040</duration>
        <instrument id="Ie01dc702347e10ff30a874d131ad3754" />
        <type>eighth</type>
        <stem>down</stem>
        <beam number="1">begin</beam>
      </note>
      <note dynamics="111.11">
        <pitch>
          <step>E</step>
          <alter>-1</alter>
          <octave>3</octave>
        </pitch>
        <duration>5040</duration>
        <instrument id="Ie01dc702347e10ff30a874d131ad3754" />
        <type>eighth</type>
        <stem>down</stem>
        <beam number="1">end</beam>
      </note>
      <note dynamics="111.11">
        <pitch>
          <step>B</step>
          <alter>0</alter>
          <octave>2</octave>
        </pitch>
        <duration>5040</duration>
        <instrument id="Ie01dc702347e10ff30a874d131ad3754" />
        <type>eighth</type>
        <accidental>natural</accidental>
        <stem>up</stem>
        <beam number="1">begin</beam>
      </note>
      <note dynamics="111.11">
        <pitch>
          <step>C</step>
          <octave>3</octave>
        </pitch>
        <duration>5040</duration>
        <instrument id="Ie01dc702347e10ff30a874d131ad3754" />
        <type>eighth</type>
        <stem>up</stem>
        <beam number="1">end</beam>
      </note>
      <note dynamics="111.11">
        <pitch>
          <step>G</step>
          <alter>1</alter>
          <octave>2</octave>
        </pitch>
        <duration>10080</duration>
        <instrument id="Ie01dc702347e10ff30a874d131ad3754" />
        <type>quarter</type>
        <accidental>sharp</accidental>
      </note>
    </measure>
    <!--========================= Measure 10 =========================-->
    <measure implicit="no" number="10">
      <note dynamics="111.11">
        <pitch>
          <step>C</step>
          <octave>4</octave>
        </pitch>
        <duration>5040</duration>
        <instrument id="Ie01dc702347e10ff30a874d131ad3754" />
        <type>eighth</type>
        <stem>down</stem>
        <beam number="1">begin</beam>
      </note>
      <note dynamics="111.11">
        <pitch>
          <step>G</step>
          <alter>1</alter>
          <octave>3</octave>
        </pitch>
        <duration>5040</duration>
        <instrument id="Ie01dc702347e10ff30a874d131ad3754" />
        <type>eighth</type>
        <accidental>sharp</accidental>
        <stem>down</stem>
        <beam number="1">end</beam>
      </note>
      <note dynamics="111.11">
        <pitch>
          <step>E</step>
          <alter>0</alter>
          <octave>3</octave>
        </pitch>
        <duration>5040</duration>
        <instrument id="Ie01dc702347e10ff30a874d131ad3754" />
        <type>eighth</type>
        <accidental>natural</accidental>
        <stem>down</stem>
        <beam number="1">begin</beam>
      </note>
      <note dynamics="111.11">
        <pitch>
          <step>F</step>
          <octave>3</octave>
        </pitch>
        <duration>5040</duration>
        <instrument id="Ie01dc702347e10ff30a874d131ad3754" />
        <type>eighth</type>
        <stem>down</stem>
        <beam number="1">end</beam>
      </note>
      <note dynamics="111.11">
        <pitch>
          <step>B</step>
          <alter>0</alter>
          <octave>2</octave>
        </pitch>
        <duration>10080</duration>
        <instrument id="Ie01dc702347e10ff30a874d131ad3754" />
        <type>quarter</type>
        <accidental>natural</accidental>
      </note>
    </measure>
    <!--========================= Measure 11 =========================-->
    <measure implicit="no" number="11">
      <note dynamics="111.11">
        <pitch>
          <step>D</step>
          <octave>4</octave>
        </pitch>
        <duration>5040</duration>
        <instrument id="Ie01dc702347e10ff30a874d131ad3754" />
        <type>eighth</type>
        <stem>down</stem>
        <beam number="1">begin</beam>
      </note>
      <note dynamics="111.11">
        <pitch>
          <step>G</step>
          <alter>1</alter>
          <octave>3</octave>
        </pitch>
        <duration>5040</duration>
        <instrument id="Ie01dc702347e10ff30a874d131ad3754" />
        <type>eighth</type>
        <accidental>sharp</accidental>
        <stem>down</stem>
        <beam number="1">end</beam>
      </note>
      <note dynamics="111.11">
        <pitch>
          <step>E</step>
          <alter>0</alter>
          <octave>3</octave>
        </pitch>
        <duration>5040</duration>
        <instrument id="Ie01dc702347e10ff30a874d131ad3754" />
        <type>eighth</type>
        <accidental>natural</accidental>
        <stem>down</stem>
        <beam number="1">begin</beam>
      </note>
      <note dynamics="111.11">
        <pitch>
          <step>F</step>
          <octave>3</octave>
        </pitch>
        <duration>5040</duration>
        <instrument id="Ie01dc702347e10ff30a874d131ad3754" />
        <type>eighth</type>
        <stem>down</stem>
        <beam number="1">end</beam>
      </note>
      <note dynamics="111.11">
        <pitch>
          <step>G</step>
          <alter>0</alter>
          <octave>2</octave>
        </pitch>
        <duration>5040</duration>
        <instrument id="Ie01dc702347e10ff30a874d131ad3754" />
        <type>eighth</type>
        <accidental>natural</accidental>
        <stem>up</stem>
        <beam number="1">begin</beam>
      </note>
      <note dynamics="111.11">
        <pitch>
          <step>G</step>
          <alter>0</alter>
          <octave>3</octave>
        </pitch>
        <duration>5040</duration>
        <instrument id="Ie01dc702347e10ff30a874d131ad3754" />
        <type>eighth</type>
        <accidental>natural</accidental>
        <stem>up</stem>
        <beam number="1">end</beam>
      </note>
    </measure>
    <!--========================= Measure 12 =========================-->
    <measure implicit="no" number="12">
      <note dynamics="111.11">
        <pitch>
          <step>F</step>
          <octave>3</octave>
        </pitch>
        <duration>5040</duration>
        <instrument id="Ie01dc702347e10ff30a874d131ad3754" />
        <type>eighth</type>
        <stem>down</stem>
        <beam number="1">begin</beam>
      </note>
      <note dynamics="111.11">
        <pitch>
          <step>E</step>
          <alter>-1</alter>
          <octave>3</octave>
        </pitch>
        <duration>5040</duration>
        <instrument id="Ie01dc702347e10ff30a874d131ad3754" />
        <type>eighth</type>
        <accidental>flat</accidental>
        <stem>down</stem>
        <beam number="1">end</beam>
      </note>
      <note dynamics="111.11">
        <pitch>
          <step>B</step>
          <alter>0</alter>
          <octave>2</octave>
        </pitch>
        <duration>5040</duration>
        <instrument id="Ie01dc702347e10ff30a874d131ad3754" />
        <type>eighth</type>
        <accidental>natural</accidental>
        <stem>up</stem>
        <beam number="1">begin</beam>
      </note>
      <note dynamics="111.11">
        <pitch>
          <step>C</step>
          <octave>3</octave>
        </pitch>
        <duration>5040</duration>
        <instrument id="Ie01dc702347e10ff30a874d131ad3754" />
        <type>eighth</type>
        <stem>up</stem>
        <beam number="1">end</beam>
      </note>
      <note dynamics="111.11">
        <pitch>
          <step>C</step>
          <octave>2</octave>
        </pitch>
        <duration>10080</duration>
        <instrument id="Ie01dc702347e10ff30a874d131ad3754" />
        <type>quarter</type>
      </note>
    </measure>
    <!--========================= Measure 13 =========================-->
    <measure implicit="no" number="13">
      <note dynamics="111.11">
        <pitch>
          <step>C</step>
          <octave>3</octave>
        </pitch>
        <duration>5040</duration>
        <instrument id="Ie01dc702347e10ff30a874d131ad3754" />
        <type>eighth</type>
        <stem>down</stem>
        <beam number="1">begin</beam>
      </note>
      <note dynamics="111.11">
        <pitch>
          <step>E</step>
          <alter>-1</alter>
          <octave>3</octave>
        </pitch>
        <duration>5040</duration>
        <instrument id="Ie01dc702347e10ff30a874d131ad3754" />
        <type>eighth</type>
        <stem>down</stem>
        <beam number="1">end</beam>
      </note>
      <note dynamics="111.11">
        <pitch>
          <step>G</step>
          <alter>1</alter>
          <octave>3</octave>
        </pitch>
        <duration>5040</duration>
        <instrument id="Ie01dc702347e10ff30a874d131ad3754" />
        <type>eighth</type>
        <accidental>sharp</accidental>
        <stem>down</stem>
        <beam number="1">begin</beam>
      </note>
      <note dynamics="111.11">
        <pitch>
          <step>G</step>
          <alter>0</alter>
          <octave>3</octave>
        </pitch>
        <duration>5040</duration>
        <instrument id="Ie01dc702347e10ff30a874d131ad3754" />
        <type>eighth</type>
        <accidental>natural</accidental>
        <stem>down</stem>
        <beam number="1">end</beam>
      </note>
      <note dynamics="111.11">
        <pitch>
          <step>C</step>
          <alter>1</alter>
          <octave>4</octave>
        </pitch>
        <duration>5040</duration>
        <instrument id="Ie01dc702347e10ff30a874d131ad3754" />
        <type>eighth</type>
        <accidental>sharp</accidental>
        <stem>down</stem>
        <beam number="1">begin</beam>
      </note>
      <note dynamics="111.11">
        <pitch>
          <step>C</step>
          <alter>0</alter>
          <octave>4</octave>
        </pitch>
        <duration>5040</duration>
        <instrument id="Ie01dc702347e10ff30a874d131ad3754" />
        <type>eighth</type>
        <accidental>natural</accidental>
        <stem>down</stem>
        <beam number="1">end</beam>
      </note>
    </measure>
    <!--========================= Measure 14 =========================-->
    <measure implicit="no" number="14">
      <note dynamics="111.11">
        <pitch>
          <step>D</step>
          <octave>3</octave>
        </pitch>
        <duration>5040</duration>
        <instrument id="Ie01dc702347e10ff30a874d131ad3754" />
        <type>eighth</type>
        <stem>down</stem>
        <beam number="1">begin</beam>
      </note>
      <note dynamics="111.11">
        <pitch>
          <step>F</step>
          <octave>3</octave>
        </pitch>
        <duration>5040</duration>
        <instrument id="Ie01dc702347e10ff30a874d131ad3754" />
        <type>eighth</type>
        <stem>down</stem>
        <beam number="1">end</beam>
      </note>
      <note dynamics="111.11">
        <pitch>
          <step>B</step>
          <alter>-1</alter>
          <octave>3</octave>
        </pitch>
        <duration>5040</duration>
        <instrument id="Ie01dc702347e10ff30a874d131ad3754" />
        <type>eighth</type>
        <stem>down</stem>
        <beam number="1">begin</beam>
      </note>
      <note dynamics="111.11">
        <pitch>
          <step>G</step>
          <alter>1</alter>
          <octave>3</octave>
        </pitch>
        <duration>5040</duration>
        <instrument id="Ie01dc702347e10ff30a874d131ad3754" />
        <type>eighth</type>
        <accidental>sharp</accidental>
        <stem>down</stem>
        <beam number="1">end</beam>
      </note>
      <note dynamics="111.11">
        <pitch>
          <step>C</step>
          <octave>4</octave>
        </pitch>
        <duration>5040</duration>
        <instrument id="Ie01dc702347e10ff30a874d131ad3754" />
        <type>eighth</type>
        <stem>down</stem>
        <beam number="1">begin</beam>
      </note>
      <note dynamics="111.11">
        <pitch>
          <step>B</step>
          <alter>-1</alter>
          <octave>3</octave>
        </pitch>
        <duration>5040</duration>
        <instrument id="Ie01dc702347e10ff30a874d131ad3754" />
        <type>eighth</type>
        <stem>down</stem>
        <beam number="1">end</beam>
      </note>
    </measure>
    <!--========================= Measure 15 =========================-->
    <measure implicit="no" number="15">
      <note dynamics="111.11">
        <pitch>
          <step>G</step>
          <alter>1</alter>
          <octave>3</octave>
        </pitch>
        <duration>5040</duration>
        <instrument id="Ie01dc702347e10ff30a874d131ad3754" />
        <type>eighth</type>
        <accidental>sharp</accidental>
        <stem>down</stem>
        <beam number="1">begin</beam>
      </note>
      <note dynamics="111.11">
        <pitch>
          <step>G</step>
          <alter>0</alter>
          <octave>3</octave>
        </pitch>
        <duration>5040</duration>
        <instrument id="Ie01dc702347e10ff30a874d131ad3754" />
        <type>eighth</type>
        <accidental>natural</accidental>
        <stem>down</stem>
        <beam number="1">end</beam>
      </note>
      <note dynamics="111.11">
        <pitch>
          <step>D</step>
          <octave>3</octave>
        </pitch>
        <duration>5040</duration>
        <instrument id="Ie01dc702347e10ff30a874d131ad3754" />
        <type>eighth</type>
        <stem>down</stem>
        <beam number="1">begin</beam>
      </note>
      <note dynamics="111.11">
        <pitch>
          <step>E</step>
          <alter>-1</alter>
          <octave>3</octave>
        </pitch>
        <duration>5040</duration>
        <instrument id="Ie01dc702347e10ff30a874d131ad3754" />
        <type>eighth</type>
        <stem>down</stem>
        <beam number="1">end</beam>
      </note>
      <note dynamics="111.11">
        <pitch>
          <step>B</step>
          <alter>-1</alter>
          <octave>2</octave>
        </pitch>
        <duration>5040</duration>
        <instrument id="Ie01dc702347e10ff30a874d131ad3754" />
        <type>eighth</type>
        <stem>up</stem>
        <beam number="1">begin</beam>
      </note>
      <note dynamics="111.11">
        <pitch>
          <step>D</step>
          <octave>3</octave>
        </pitch>
        <duration>5040</duration>
        <instrument id="Ie01dc702347e10ff30a874d131ad3754" />
        <type>eighth</type>
        <stem>up</stem>
        <beam number="1">end</beam>
      </note>
    </measure>
    <!--========================= Measure 16 =========================-->
    <measure implicit="no" number="16">
      <note dynamics="111.11">
        <pitch>
          <step>E</step>
          <alter>-1</alter>
          <octave>2</octave>
        </pitch>
        <duration>30240</duration>
        <instrument id="Ie01dc702347e10ff30a874d131ad3754" />
        <type>half</type>
        <dot />
      </note>
    </measure>
    <!--========================= Measure 17 =========================-->
    <measure implicit="no" number="17">
      <note dynamics="111.11">
        <pitch>
          <step>B</step>
          <alter>-1</alter>
          <octave>3</octave>
        </pitch>
        <duration>5040</duration>
        <instrument id="Ie01dc702347e10ff30a874d131ad3754" />
        <type>eighth</type>
        <stem>down</stem>
        <beam number="1">begin</beam>
      </note>
      <note dynamics="111.11">
        <pitch>
          <step>G</step>
          <octave>3</octave>
        </pitch>
        <duration>5040</duration>
        <instrument id="Ie01dc702347e10ff30a874d131ad3754" />
        <type>eighth</type>
        <stem>down</stem>
        <beam number="1">end</beam>
      </note>
      <note dynamics="111.11">
        <pitch>
          <step>D</step>
          <octave>3</octave>
        </pitch>
        <duration>5040</duration>
        <instrument id="Ie01dc702347e10ff30a874d131ad3754" />
        <type>eighth</type>
        <stem>down</stem>
        <beam number="1">begin</beam>
      </note>
      <note dynamics="111.11">
        <pitch>
          <step>E</step>
          <alter>-1</alter>
          <octave>3</octave>
        </pitch>
        <duration>5040</duration>
        <instrument id="Ie01dc702347e10ff30a874d131ad3754" />
        <type>eighth</type>
        <stem>down</stem>
        <beam number="1">end</beam>
      </note>
      <note dynamics="111.11">
        <pitch>
          <step>C</step>
          <alter>1</alter>
          <octave>2</octave>
        </pitch>
        <duration>10080</duration>
        <instrument id="Ie01dc702347e10ff30a874d131ad3754" />
        <type>quarter</type>
        <accidental>sharp</accidental>
      </note>
    </measure>
    <!--========================= Measure 18 =========================-->
    <measure implicit="no" number="18">
      <note dynamics="111.11">
        <pitch>
          <step>B</step>
          <alter>-1</alter>
          <octave>3</octave>
        </pitch>
        <duration>5040</duration>
        <instrument id="Ie01dc702347e10ff30a874d131ad3754" />
        <type>eighth</type>
        <stem>down</stem>
        <beam number="1">begin</beam>
      </note>
      <note dynamics="111.11">
        <pitch>
          <step>G</step>
          <octave>3</octave>
        </pitch>
        <duration>5040</duration>
        <instrument id="Ie01dc702347e10ff30a874d131ad3754" />
        <type>eighth</type>
        <stem>down</stem>
        <beam number="1">end</beam>
      </note>
      <note dynamics="111.11">
        <pitch>
          <step>E</step>
          <alter>0</alter>
          <octave>3</octave>
        </pitch>
        <duration>5040</duration>
        <instrument id="Ie01dc702347e10ff30a874d131ad3754" />
        <type>eighth</type>
        <accidental>natural</accidental>
        <stem>down</stem>
        <beam number="1">begin</beam>
      </note>
      <note dynamics="111.11">
        <pitch>
          <step>F</step>
          <octave>3</octave>
        </pitch>
        <duration>5040</duration>
        <instrument id="Ie01dc702347e10ff30a874d131ad3754" />
        <type>eighth</type>
        <stem>down</stem>
        <beam number="1">end</beam>
      </note>
      <note dynamics="111.11">
        <pitch>
          <step>G</step>
          <octave>2</octave>
        </pitch>
        <duration>10080</duration>
        <instrument id="Ie01dc702347e10ff30a874d131ad3754" />
        <type>quarter</type>
      </note>
    </measure>
    <!--========================= Measure 19 =========================-->
    <measure implicit="no" number="19">
      <note dynamics="111.11">
        <pitch>
          <step>C</step>
          <alter>1</alter>
          <octave>4</octave>
        </pitch>
        <duration>5040</duration>
        <instrument id="Ie01dc702347e10ff30a874d131ad3754" />
        <type>eighth</type>
        <accidental>sharp</accidental>
        <stem>down</stem>
        <beam number="1">begin</beam>
      </note>
      <note dynamics="111.11">
        <pitch>
          <step>B</step>
          <alter>-1</alter>
          <octave>3</octave>
        </pitch>
        <duration>5040</duration>
        <instrument id="Ie01dc702347e10ff30a874d131ad3754" />
        <type>eighth</type>
        <stem>down</stem>
        <beam number="1">end</beam>
      </note>
      <note dynamics="111.11">
        <pitch>
          <step>E</step>
          <alter>0</alter>
          <octave>3</octave>
        </pitch>
        <duration>5040</duration>
        <instrument id="Ie01dc702347e10ff30a874d131ad3754" />
        <type>eighth</type>
        <accidental>natural</accidental>
        <stem>down</stem>
        <beam number="1">begin</beam>
      </note>
      <note dynamics="111.11">
        <pitch>
          <step>F</step>
          <octave>3</octave>
        </pitch>
        <duration>5040</duration>
        <instrument id="Ie01dc702347e10ff30a874d131ad3754" />
        <type>eighth</type>
        <stem>down</stem>
        <beam number="1">end</beam>
      </note>
      <note dynamics="111.11">
        <pitch>
          <step>C</step>
          <alter>0</alter>
          <octave>2</octave>
        </pitch>
        <duration>5040</duration>
        <instrument id="Ie01dc702347e10ff30a874d131ad3754" />
        <type>eighth</type>
        <accidental>natural</accidental>
        <stem>up</stem>
        <beam number="1">begin</beam>
      </note>
      <note dynamics="111.11">
        <pitch>
          <step>C</step>
          <alter>0</alter>
          <octave>4</octave>
        </pitch>
        <duration>5040</duration>
        <instrument id="Ie01dc702347e10ff30a874d131ad3754" />
        <type>eighth</type>
        <accidental>natural</accidental>
        <stem>up</stem>
        <beam number="1">end</beam>
      </note>
    </measure>
    <!--========================= Measure 20 =========================-->
    <measure implicit="no" number="20">
      <note dynamics="111.11">
        <pitch>
          <step>B</step>
          <alter>-1</alter>
          <octave>3</octave>
        </pitch>
        <duration>5040</duration>
        <instrument id="Ie01dc702347e10ff30a874d131ad3754" />
        <type>eighth</type>
        <stem>down</stem>
        <beam number="1">begin</beam>
      </note>
      <note dynamics="111.11">
        <pitch>
          <step>G</step>
          <alter>1</alter>
          <octave>3</octave>
        </pitch>
        <duration>5040</duration>
        <instrument id="Ie01dc702347e10ff30a874d131ad3754" />
        <type>eighth</type>
        <accidental>sharp</accidental>
        <stem>down</stem>
        <beam number="1">end</beam>
      </note>
      <note dynamics="111.11">
        <pitch>
          <step>E</step>
          <alter>0</alter>
          <octave>3</octave>
        </pitch>
        <duration>5040</duration>
        <instrument id="Ie01dc702347e10ff30a874d131ad3754" />
        <type>eighth</type>
        <accidental>natural</accidental>
        <stem>down</stem>
        <beam number="1">begin</beam>
      </note>
      <note dynamics="111.11">
        <pitch>
          <step>F</step>
          <octave>3</octave>
        </pitch>
        <duration>5040</duration>
        <instrument id="Ie01dc702347e10ff30a874d131ad3754" />
        <type>eighth</type>
        <stem>down</stem>
        <beam number="1">end</beam>
      </note>
      <note dynamics="111.11">
        <pitch>
          <step>F</step>
          <octave>2</octave>
        </pitch>
        <duration>10080</duration>
        <instrument id="Ie01dc702347e10ff30a874d131ad3754" />
        <type>quarter</type>
      </note>
    </measure>
    <!--========================= Measure 21 =========================-->
    <measure implicit="no" number="21">
      <note dynamics="111.11">
        <pitch>
          <step>E</step>
          <alter>-1</alter>
          <octave>2</octave>
        </pitch>
        <duration>5040</duration>
        <instrument id="Ie01dc702347e10ff30a874d131ad3754" />
        <type>eighth</type>
        <accidental>flat</accidental>
        <stem>up</stem>
        <beam number="1">begin</beam>
      </note>
      <note dynamics="111.11">
        <pitch>
          <step>C</step>
          <octave>3</octave>
        </pitch>
        <duration>5040</duration>
        <instrument id="Ie01dc702347e10ff30a874d131ad3754" />
        <type>eighth</type>
        <stem>up</stem>
        <beam number="1">end</beam>
      </note>
      <note dynamics="111.11">
        <pitch>
          <step>F</step>
          <octave>3</octave>
        </pitch>
        <duration>5040</duration>
        <instrument id="Ie01dc702347e10ff30a874d131ad3754" />
        <type>eighth</type>
        <stem>down</stem>
        <beam number="1">begin</beam>
      </note>
      <note dynamics="111.11">
        <pitch>
          <step>E</step>
          <alter>-1</alter>
          <octave>3</octave>
        </pitch>
        <duration>5040</duration>
        <instrument id="Ie01dc702347e10ff30a874d131ad3754" />
        <type>eighth</type>
        <accidental>flat</accidental>
        <stem>down</stem>
        <beam number="1">end</beam>
      </note>
      <note dynamics="111.11">
        <pitch>
          <step>B</step>
          <alter>-1</alter>
          <octave>3</octave>
        </pitch>
        <duration>5040</duration>
        <instrument id="Ie01dc702347e10ff30a874d131ad3754" />
        <type>eighth</type>
        <stem>down</stem>
        <beam number="1">begin</beam>
      </note>
      <note dynamics="111.11">
        <pitch>
          <step>A</step>
          <alter>0</alter>
          <octave>3</octave>
        </pitch>
        <duration>5040</duration>
        <instrument id="Ie01dc702347e10ff30a874d131ad3754" />
        <type>eighth</type>
        <accidental>natural</accidental>
        <stem>down</stem>
        <beam number="1">end</beam>
      </note>
    </measure>
    <!--========================= Measure 22 =========================-->
    <measure implicit="no" number="22">
      <note dynamics="111.11">
        <pitch>
          <step>D</step>
          <octave>2</octave>
        </pitch>
        <duration>5040</duration>
        <instrument id="Ie01dc702347e10ff30a874d131ad3754" />
        <type>eighth</type>
        <stem>up</stem>
        <beam number="1">begin</beam>
      </note>
      <note dynamics="111.11">
        <pitch>
          <step>D</step>
          <octave>3</octave>
        </pitch>
        <duration>5040</duration>
        <instrument id="Ie01dc702347e10ff30a874d131ad3754" />
        <type>eighth</type>
        <stem>up</stem>
        <beam number="1">end</beam>
      </note>
      <note dynamics="111.11">
        <pitch>
          <step>G</step>
          <octave>3</octave>
        </pitch>
        <duration>5040</duration>
        <instrument id="Ie01dc702347e10ff30a874d131ad3754" />
        <type>eighth</type>
        <stem>down</stem>
        <beam number="1">begin</beam>
      </note>
      <note dynamics="111.11">
        <pitch>
          <step>F</step>
          <octave>3</octave>
        </pitch>
        <duration>5040</duration>
        <instrument id="Ie01dc702347e10ff30a874d131ad3754" />
        <type>eighth</type>
        <stem>down</stem>
        <beam number="1">end</beam>
      </note>
      <note dynamics="111.11">
        <pitch>
          <step>C</step>
          <octave>4</octave>
        </pitch>
        <duration>5040</duration>
        <instrument id="Ie01dc702347e10ff30a874d131ad3754" />
        <type>eighth</type>
        <stem>down</stem>
        <beam number="1">begin</beam>
      </note>
      <note dynamics="111.11">
        <pitch>
          <step>B</step>
          <alter>0</alter>
          <octave>3</octave>
        </pitch>
        <duration>5040</duration>
        <instrument id="Ie01dc702347e10ff30a874d131ad3754" />
        <type>eighth</type>
        <accidental>natural</accidental>
        <stem>down</stem>
        <beam number="1">end</beam>
      </note>
    </measure>
    <!--========================= Measure 23 =========================-->
    <measure implicit="no" number="23">
      <note dynamics="111.11">
        <pitch>
          <step>C</step>
          <octave>4</octave>
        </pitch>
        <duration>5040</duration>
        <instrument id="Ie01dc702347e10ff30a874d131ad3754" />
        <type>eighth</type>
        <stem>down</stem>
        <beam number="1">begin</beam>
      </note>
      <note dynamics="111.11">
        <pitch>
          <step>G</step>
          <alter>1</alter>
          <octave>3</octave>
        </pitch>
        <duration>5040</duration>
        <instrument id="Ie01dc702347e10ff30a874d131ad3754" />
        <type>eighth</type>
        <accidental>sharp</accidental>
        <stem>down</stem>
        <beam number="1">end</beam>
      </note>
      <note dynamics="111.11">
        <pitch>
          <step>F</step>
          <alter>1</alter>
          <octave>3</octave>
        </pitch>
        <duration>5040</duration>
        <instrument id="Ie01dc702347e10ff30a874d131ad3754" />
        <type>eighth</type>
        <accidental>sharp</accidental>
        <stem>down</stem>
        <beam number="1">begin</beam>
      </note>
      <note dynamics="111.11">
        <pitch>
          <step>G</step>
          <alter>0</alter>
          <octave>3</octave>
        </pitch>
        <duration>5040</duration>
        <instrument id="Ie01dc702347e10ff30a874d131ad3754" />
        <type>eighth</type>
        <accidental>natural</accidental>
        <stem>down</stem>
        <beam number="1">end</beam>
      </note>
      <note dynamics="111.11">
        <pitch>
          <step>B</step>
          <alter>0</alter>
          <octave>2</octave>
        </pitch>
        <duration>5040</duration>
        <instrument id="Ie01dc702347e10ff30a874d131ad3754" />
        <type>eighth</type>
        <accidental>natural</accidental>
        <stem>up</stem>
        <beam number="1">begin</beam>
      </note>
      <note dynamics="111.11">
        <pitch>
          <step>C</step>
          <octave>3</octave>
        </pitch>
        <duration>5040</duration>
        <instrument id="Ie01dc702347e10ff30a874d131ad3754" />
        <type>eighth</type>
        <stem>up</stem>
        <beam number="1">end</beam>
      </note>
    </measure>
    <!--========================= Measure 24 =========================-->
    <measure implicit="no" number="24">
      <note dynamics="111.11">
        <pitch>
          <step>G</step>
          <octave>2</octave>
        </pitch>
        <duration>5040</duration>
        <instrument id="Ie01dc702347e10ff30a874d131ad3754" />
        <type>eighth</type>
        <stem>up</stem>
        <beam number="1">begin</beam>
      </note>
      <note dynamics="111.11">
        <pitch>
          <step>D</step>
          <octave>3</octave>
        </pitch>
        <duration>5040</duration>
        <instrument id="Ie01dc702347e10ff30a874d131ad3754" />
        <type>eighth</type>
        <stem>up</stem>
        <beam number="1">end</beam>
      </note>
      <note dynamics="111.11">
        <pitch>
          <step>G</step>
          <octave>3</octave>
        </pitch>
        <duration>5040</duration>
        <instrument id="Ie01dc702347e10ff30a874d131ad3754" />
        <type>eighth</type>
        <stem>down</stem>
        <beam number="1">begin</beam>
      </note>
      <note dynamics="111.11">
        <pitch>
          <step>F</step>
          <alter>1</alter>
          <octave>3</octave>
        </pitch>
        <duration>5040</duration>
        <instrument id="Ie01dc702347e10ff30a874d131ad3754" />
        <type>eighth</type>
        <accidental>sharp</accidental>
        <stem>down</stem>
        <beam number="1">end</beam>
      </note>
      <note dynamics="111.11">
        <pitch>
          <step>C</step>
          <octave>4</octave>
        </pitch>
        <duration>5040</duration>
        <instrument id="Ie01dc702347e10ff30a874d131ad3754" />
        <type>eighth</type>
        <stem>down</stem>
        <beam number="1">begin</beam>
      </note>
      <note dynamics="111.11">
        <pitch>
          <step>B</step>
          <alter>0</alter>
          <octave>3</octave>
        </pitch>
        <duration>5040</duration>
        <instrument id="Ie01dc702347e10ff30a874d131ad3754" />
        <type>eighth</type>
        <accidental>natural</accidental>
        <stem>down</stem>
        <beam number="1">end</beam>
      </note>
    </measure>
    <!--========================= Measure 25 =========================-->
    <measure implicit="no" number="25">
      <note dynamics="111.11">
        <pitch>
          <step>E</step>
          <alter>-1</alter>
          <octave>4</octave>
        </pitch>
        <duration>5040</duration>
        <instrument id="Ie01dc702347e10ff30a874d131ad3754" />
        <type>eighth</type>
        <stem>down</stem>
        <beam number="1">begin</beam>
      </note>
      <note dynamics="111.11">
        <pitch>
          <step>C</step>
          <octave>4</octave>
        </pitch>
        <duration>5040</duration>
        <instrument id="Ie01dc702347e10ff30a874d131ad3754" />
        <type>eighth</type>
        <stem>down</stem>
        <beam number="1">end</beam>
      </note>
      <note dynamics="111.11">
        <pitch>
          <step>F</step>
          <alter>1</alter>
          <octave>3</octave>
        </pitch>
        <duration>5040</duration>
        <instrument id="Ie01dc702347e10ff30a874d131ad3754" />
        <type>eighth</type>
        <accidental>sharp</accidental>
        <stem>down</stem>
        <beam number="1">begin</beam>
      </note>
      <note dynamics="111.11">
        <pitch>
          <step>G</step>
          <octave>3</octave>
        </pitch>
        <duration>5040</duration>
        <instrument id="Ie01dc702347e10ff30a874d131ad3754" />
        <type>eighth</type>
        <stem>down</stem>
        <beam number="1">end</beam>
      </note>
      <note dynamics="111.11">
        <pitch>
          <step>A</step>
          <alter>0</alter>
          <octave>2</octave>
        </pitch>
        <duration>5040</duration>
        <instrument id="Ie01dc702347e10ff30a874d131ad3754" />
        <type>eighth</type>
        <accidental>natural</accidental>
        <stem>down</stem>
        <beam number="1">begin</beam>
      </note>
      <note dynamics="111.11">
        <pitch>
          <step>E</step>
          <alter>-1</alter>
          <octave>4</octave>
        </pitch>
        <duration>5040</duration>
        <instrument id="Ie01dc702347e10ff30a874d131ad3754" />
        <type>eighth</type>
        <stem>down</stem>
        <beam number="1">end</beam>
      </note>
    </measure>
    <!--========================= Measure 26 =========================-->
    <measure implicit="no" number="26">
      <note dynamics="111.11">
        <pitch>
          <step>D</step>
          <octave>4</octave>
        </pitch>
        <duration>5040</duration>
        <instrument id="Ie01dc702347e10ff30a874d131ad3754" />
        <type>eighth</type>
        <stem>down</stem>
        <beam number="1">begin</beam>
      </note>
      <note dynamics="111.11">
        <pitch>
          <step>G</step>
          <alter>1</alter>
          <octave>3</octave>
        </pitch>
        <duration>5040</duration>
        <instrument id="Ie01dc702347e10ff30a874d131ad3754" />
        <type>eighth</type>
        <accidental>sharp</accidental>
        <stem>down</stem>
        <beam number="1">end</beam>
      </note>
      <note dynamics="111.11">
        <pitch>
          <step>E</step>
          <alter>0</alter>
          <octave>3</octave>
        </pitch>
        <duration>5040</duration>
        <instrument id="Ie01dc702347e10ff30a874d131ad3754" />
        <type>eighth</type>
        <accidental>natural</accidental>
        <stem>down</stem>
        <beam number="1">begin</beam>
      </note>
      <note dynamics="111.11">
        <pitch>
          <step>F</step>
          <alter>0</alter>
          <octave>3</octave>
        </pitch>
        <duration>5040</duration>
        <instrument id="Ie01dc702347e10ff30a874d131ad3754" />
        <type>eighth</type>
        <accidental>natural</accidental>
        <stem>down</stem>
        <beam number="1">end</beam>
      </note>
      <note dynamics="111.11">
        <pitch>
          <step>B</step>
          <alter>0</alter>
          <octave>2</octave>
        </pitch>
        <duration>5040</duration>
        <instrument id="Ie01dc702347e10ff30a874d131ad3754" />
        <type>eighth</type>
        <accidental>natural</accidental>
        <stem>down</stem>
        <beam number="1">begin</beam>
      </note>
      <note dynamics="111.11">
        <pitch>
          <step>G</step>
          <alter>0</alter>
          <octave>3</octave>
        </pitch>
        <duration>5040</duration>
        <instrument id="Ie01dc702347e10ff30a874d131ad3754" />
        <type>eighth</type>
        <accidental>natural</accidental>
        <stem>down</stem>
        <beam number="1">end</beam>
      </note>
    </measure>
    <!--========================= Measure 27 =========================-->
    <measure implicit="no" number="27">
      <note dynamics="111.11">
        <pitch>
          <step>F</step>
          <octave>3</octave>
        </pitch>
        <duration>5040</duration>
        <instrument id="Ie01dc702347e10ff30a874d131ad3754" />
        <type>eighth</type>
        <stem>down</stem>
        <beam number="1">begin</beam>
      </note>
      <note dynamics="111.11">
        <pitch>
          <step>E</step>
          <alter>-1</alter>
          <octave>3</octave>
        </pitch>
        <duration>5040</duration>
        <instrument id="Ie01dc702347e10ff30a874d131ad3754" />
        <type>eighth</type>
        <accidental>flat</accidental>
        <stem>down</stem>
        <beam number="1">end</beam>
      </note>
      <note dynamics="111.11">
        <pitch>
          <step>B</step>
          <alter>0</alter>
          <octave>2</octave>
        </pitch>
        <duration>5040</duration>
        <instrument id="Ie01dc702347e10ff30a874d131ad3754" />
        <type>eighth</type>
        <accidental>natural</accidental>
        <stem>up</stem>
        <beam number="1">begin</beam>
      </note>
      <note dynamics="111.11">
        <pitch>
          <step>C</step>
          <octave>3</octave>
        </pitch>
        <duration>5040</duration>
        <instrument id="Ie01dc702347e10ff30a874d131ad3754" />
        <type>eighth</type>
        <stem>up</stem>
        <beam number="1">end</beam>
      </note>
      <note dynamics="111.11">
        <pitch>
          <step>G</step>
          <octave>2</octave>
        </pitch>
        <duration>5040</duration>
        <instrument id="Ie01dc702347e10ff30a874d131ad3754" />
        <type>eighth</type>
        <stem>down</stem>
        <beam number="1">begin</beam>
      </note>
      <note dynamics="111.11">
        <pitch>
          <step>B</step>
          <alter>0</alter>
          <octave>3</octave>
        </pitch>
        <duration>5040</duration>
        <instrument id="Ie01dc702347e10ff30a874d131ad3754" />
        <type>eighth</type>
        <accidental>natural</accidental>
        <stem>down</stem>
        <beam number="1">end</beam>
      </note>
    </measure>
    <!--========================= Measure 28 =========================-->
    <measure implicit="no" number="28">
      <note dynamics="111.11">
        <pitch>
          <step>C</step>
          <octave>2</octave>
        </pitch>
        <duration>5040</duration>
        <instrument id="Ie01dc702347e10ff30a874d131ad3754" />
        <type>eighth</type>
        <stem>up</stem>
        <beam number="1">begin</beam>
      </note>
      <note dynamics="111.11">
        <pitch>
          <step>G</step>
          <octave>2</octave>
        </pitch>
        <duration>5040</duration>
        <instrument id="Ie01dc702347e10ff30a874d131ad3754" />
        <type>eighth</type>
        <stem>up</stem>
        <beam number="1">end</beam>
      </note>
      <note dynamics="111.11">
        <pitch>
          <step>F</step>
          <octave>3</octave>
        </pitch>
        <duration>5040</duration>
        <instrument id="Ie01dc702347e10ff30a874d131ad3754" />
        <type>eighth</type>
        <stem>down</stem>
        <beam number="1">begin</beam>
      </note>
      <note dynamics="111.11">
        <pitch>
          <step>E</step>
          <alter>-1</alter>
          <octave>3</octave>
        </pitch>
        <duration>5040</duration>
        <instrument id="Ie01dc702347e10ff30a874d131ad3754" />
        <type>eighth</type>
        <stem>down</stem>
        <beam number="1">end</beam>
      </note>
      <note dynamics="111.11">
        <pitch>
          <step>C</step>
          <octave>4</octave>
        </pitch>
        <duration>10080</duration>
        <instrument id="Ie01dc702347e10ff30a874d131ad3754" />
        <type>quarter</type>
      </note>
    </measure>
    <!--========================= Measure 29 =========================-->
    <measure implicit="no" number="29">
      <note dynamics="111.11">
        <pitch>
          <step>B</step>
          <alter>-1</alter>
          <octave>3</octave>
        </pitch>
        <duration>5040</duration>
        <instrument id="Ie01dc702347e10ff30a874d131ad3754" />
        <type>eighth</type>
        <stem>down</stem>
        <beam number="1">begin</beam>
      </note>
      <note dynamics="111.11">
        <pitch>
          <step>G</step>
          <octave>3</octave>
        </pitch>
        <duration>5040</duration>
        <instrument id="Ie01dc702347e10ff30a874d131ad3754" />
        <type>eighth</type>
        <stem>down</stem>
        <beam number="1">end</beam>
      </note>
      <note dynamics="111.11">
        <pitch>
          <step>D</step>
          <octave>3</octave>
        </pitch>
        <duration>5040</duration>
        <instrument id="Ie01dc702347e10ff30a874d131ad3754" />
        <type>eighth</type>
        <stem>down</stem>
        <beam number="1">begin</beam>
      </note>
      <note dynamics="111.11">
        <pitch>
          <step>E</step>
          <alter>-1</alter>
          <octave>3</octave>
        </pitch>
        <duration>5040</duration>
        <instrument id="Ie01dc702347e10ff30a874d131ad3754" />
        <type>eighth</type>
        <stem>down</stem>
        <beam number="1">end</beam>
      </note>
      <note dynamics="111.11">
        <pitch>
          <step>C</step>
          <alter>1</alter>
          <octave>2</octave>
        </pitch>
        <duration>10080</duration>
        <instrument id="Ie01dc702347e10ff30a874d131ad3754" />
        <type>quarter</type>
        <accidental>sharp</accidental>
      </note>
    </measure>
    <!--========================= Measure 30 =========================-->
    <measure implicit="no" number="30">
      <note dynamics="111.11">
        <pitch>
          <step>B</step>
          <alter>-1</alter>
          <octave>3</octave>
        </pitch>
        <duration>5040</duration>
        <instrument id="Ie01dc702347e10ff30a874d131ad3754" />
        <type>eighth</type>
        <stem>down</stem>
        <beam number="1">begin</beam>
      </note>
      <note dynamics="111.11">
        <pitch>
          <step>G</step>
          <octave>3</octave>
        </pitch>
        <duration>5040</duration>
        <instrument id="Ie01dc702347e10ff30a874d131ad3754" />
        <type>eighth</type>
        <stem>down</stem>
        <beam number="1">end</beam>
      </note>
      <note dynamics="111.11">
        <pitch>
          <step>E</step>
          <alter>0</alter>
          <octave>3</octave>
        </pitch>
        <duration>5040</duration>
        <instrument id="Ie01dc702347e10ff30a874d131ad3754" />
        <type>eighth</type>
        <accidental>natural</accidental>
        <stem>down</stem>
        <beam number="1">begin</beam>
      </note>
      <note dynamics="111.11">
        <pitch>
          <step>F</step>
          <octave>3</octave>
        </pitch>
        <duration>5040</duration>
        <instrument id="Ie01dc702347e10ff30a874d131ad3754" />
        <type>eighth</type>
        <stem>down</stem>
        <beam number="1">end</beam>
      </note>
      <note dynamics="111.11">
        <pitch>
          <step>G</step>
          <octave>2</octave>
        </pitch>
        <duration>10080</duration>
        <instrument id="Ie01dc702347e10ff30a874d131ad3754" />
        <type>quarter</type>
      </note>
    </measure>
    <!--========================= Measure 31 =========================-->
    <measure implicit="no" number="31">
      <note dynamics="111.11">
        <pitch>
          <step>C</step>
          <alter>1</alter>
          <octave>4</octave>
        </pitch>
        <duration>5040</duration>
        <instrument id="Ie01dc702347e10ff30a874d131ad3754" />
        <type>eighth</type>
        <accidental>sharp</accidental>
        <stem>down</stem>
        <beam number="1">begin</beam>
      </note>
      <note dynamics="111.11">
        <pitch>
          <step>B</step>
          <alter>-1</alter>
          <octave>3</octave>
        </pitch>
        <duration>5040</duration>
        <instrument id="Ie01dc702347e10ff30a874d131ad3754" />
        <type>eighth</type>
        <stem>down</stem>
        <beam number="1">end</beam>
      </note>
      <note dynamics="111.11">
        <pitch>
          <step>E</step>
          <alter>0</alter>
          <octave>3</octave>
        </pitch>
        <duration>5040</duration>
        <instrument id="Ie01dc702347e10ff30a874d131ad3754" />
        <type>eighth</type>
        <accidental>natural</accidental>
        <stem>down</stem>
        <beam number="1">begin</beam>
      </note>
      <note dynamics="111.11">
        <pitch>
          <step>F</step>
          <octave>3</octave>
        </pitch>
        <duration>5040</duration>
        <instrument id="Ie01dc702347e10ff30a874d131ad3754" />
        <type>eighth</type>
        <stem>down</stem>
        <beam number="1">end</beam>
      </note>
      <note dynamics="111.11">
        <pitch>
          <step>C</step>
          <alter>0</alter>
          <octave>2</octave>
        </pitch>
        <duration>5040</duration>
        <instrument id="Ie01dc702347e10ff30a874d131ad3754" />
        <type>eighth</type>
        <accidental>natural</accidental>
        <stem>up</stem>
        <beam number="1">begin</beam>
      </note>
      <note dynamics="111.11">
        <pitch>
          <step>C</step>
          <alter>0</alter>
          <octave>4</octave>
        </pitch>
        <duration>5040</duration>
        <instrument id="Ie01dc702347e10ff30a874d131ad3754" />
        <type>eighth</type>
        <accidental>natural</accidental>
        <stem>up</stem>
        <beam number="1">end</beam>
      </note>
    </measure>
    <!--========================= Measure 32 =========================-->
    <measure implicit="no" number="32">
      <note dynamics="111.11">
        <pitch>
          <step>B</step>
          <alter>-1</alter>
          <octave>3</octave>
        </pitch>
        <duration>5040</duration>
        <instrument id="Ie01dc702347e10ff30a874d131ad3754" />
        <type>eighth</type>
        <stem>down</stem>
        <beam number="1">begin</beam>
      </note>
      <note dynamics="111.11">
        <pitch>
          <step>G</step>
          <alter>1</alter>
          <octave>3</octave>
        </pitch>
        <duration>5040</duration>
        <instrument id="Ie01dc702347e10ff30a874d131ad3754" />
        <type>eighth</type>
        <accidental>sharp</accidental>
        <stem>down</stem>
        <beam number="1">end</beam>
      </note>
      <note dynamics="111.11">
        <pitch>
          <step>E</step>
          <alter>0</alter>
          <octave>3</octave>
        </pitch>
        <duration>5040</duration>
        <instrument id="Ie01dc702347e10ff30a874d131ad3754" />
        <type>eighth</type>
        <accidental>natural</accidental>
        <stem>down</stem>
        <beam number="1">begin</beam>
      </note>
      <note dynamics="111.11">
        <pitch>
          <step>F</step>
          <octave>3</octave>
        </pitch>
        <duration>5040</duration>
        <instrument id="Ie01dc702347e10ff30a874d131ad3754" />
        <type>eighth</type>
        <stem>down</stem>
        <beam number="1">end</beam>
      </note>
      <note dynamics="111.11">
        <pitch>
          <step>F</step>
          <octave>2</octave>
        </pitch>
        <duration>10080</duration>
        <instrument id="Ie01dc702347e10ff30a874d131ad3754" />
        <type>quarter</type>
      </note>
    </measure>
    <!--========================= Measure 33 =========================-->
    <measure implicit="no" number="33">
      <note dynamics="111.11">
        <pitch>
          <step>E</step>
          <alter>-1</alter>
          <octave>2</octave>
        </pitch>
        <duration>5040</duration>
        <instrument id="Ie01dc702347e10ff30a874d131ad3754" />
        <type>eighth</type>
        <accidental>flat</accidental>
        <stem>up</stem>
        <beam number="1">begin</beam>
      </note>
      <note dynamics="111.11">
        <pitch>
          <step>C</step>
          <octave>3</octave>
        </pitch>
        <duration>5040</duration>
        <instrument id="Ie01dc702347e10ff30a874d131ad3754" />
        <type>eighth</type>
        <stem>up</stem>
        <beam number="1">end</beam>
      </note>
      <note dynamics="111.11">
        <pitch>
          <step>F</step>
          <octave>3</octave>
        </pitch>
        <duration>5040</duration>
        <instrument id="Ie01dc702347e10ff30a874d131ad3754" />
        <type>eighth</type>
        <stem>down</stem>
        <beam number="1">begin</beam>
      </note>
      <note dynamics="111.11">
        <pitch>
          <step>E</step>
          <alter>-1</alter>
          <octave>3</octave>
        </pitch>
        <duration>5040</duration>
        <instrument id="Ie01dc702347e10ff30a874d131ad3754" />
        <type>eighth</type>
        <accidental>flat</accidental>
        <stem>down</stem>
        <beam number="1">end</beam>
      </note>
      <note dynamics="111.11">
        <pitch>
          <step>B</step>
          <alter>-1</alter>
          <octave>3</octave>
        </pitch>
        <duration>5040</duration>
        <instrument id="Ie01dc702347e10ff30a874d131ad3754" />
        <type>eighth</type>
        <stem>down</stem>
        <beam number="1">begin</beam>
      </note>
      <note dynamics="111.11">
        <pitch>
          <step>A</step>
          <alter>0</alter>
          <octave>3</octave>
        </pitch>
        <duration>5040</duration>
        <instrument id="Ie01dc702347e10ff30a874d131ad3754" />
        <type>eighth</type>
        <accidental>natural</accidental>
        <stem>down</stem>
        <beam number="1">end</beam>
      </note>
    </measure>
    <!--========================= Measure 34 =========================-->
    <measure implicit="no" number="34">
      <note dynamics="111.11">
        <pitch>
          <step>D</step>
          <octave>2</octave>
        </pitch>
        <duration>5040</duration>
        <instrument id="Ie01dc702347e10ff30a874d131ad3754" />
        <type>eighth</type>
        <stem>up</stem>
        <beam number="1">begin</beam>
      </note>
      <note dynamics="111.11">
        <pitch>
          <step>D</step>
          <octave>3</octave>
        </pitch>
        <duration>5040</duration>
        <instrument id="Ie01dc702347e10ff30a874d131ad3754" />
        <type>eighth</type>
        <stem>up</stem>
        <beam number="1">end</beam>
      </note>
      <note dynamics="111.11">
        <pitch>
          <step>G</step>
          <octave>3</octave>
        </pitch>
        <duration>5040</duration>
        <instrument id="Ie01dc702347e10ff30a874d131ad3754" />
        <type>eighth</type>
        <stem>down</stem>
        <beam number="1">begin</beam>
      </note>
      <note dynamics="111.11">
        <pitch>
          <step>F</step>
          <octave>3</octave>
        </pitch>
        <duration>5040</duration>
        <instrument id="Ie01dc702347e10ff30a874d131ad3754" />
        <type>eighth</type>
        <stem>down</stem>
        <beam number="1">end</beam>
      </note>
      <note dynamics="111.11">
        <pitch>
          <step>C</step>
          <octave>4</octave>
        </pitch>
        <duration>5040</duration>
        <instrument id="Ie01dc702347e10ff30a874d131ad3754" />
        <type>eighth</type>
        <stem>down</stem>
        <beam number="1">begin</beam>
      </note>
      <note dynamics="111.11">
        <pitch>
          <step>B</step>
          <alter>0</alter>
          <octave>3</octave>
        </pitch>
        <duration>5040</duration>
        <instrument id="Ie01dc702347e10ff30a874d131ad3754" />
        <type>eighth</type>
        <accidental>natural</accidental>
        <stem>down</stem>
        <beam number="1">end</beam>
      </note>
    </measure>
    <!--========================= Measure 35 =========================-->
    <measure implicit="no" number="35">
      <note dynamics="111.11">
        <pitch>
          <step>C</step>
          <octave>4</octave>
        </pitch>
        <duration>5040</duration>
        <instrument id="Ie01dc702347e10ff30a874d131ad3754" />
        <type>eighth</type>
        <stem>down</stem>
        <beam number="1">begin</beam>
      </note>
      <note dynamics="111.11">
        <pitch>
          <step>G</step>
          <alter>1</alter>
          <octave>3</octave>
        </pitch>
        <duration>5040</duration>
        <instrument id="Ie01dc702347e10ff30a874d131ad3754" />
        <type>eighth</type>
        <accidental>sharp</accidental>
        <stem>down</stem>
        <beam number="1">end</beam>
      </note>
      <note dynamics="111.11">
        <pitch>
          <step>F</step>
          <alter>1</alter>
          <octave>3</octave>
        </pitch>
        <duration>5040</duration>
        <instrument id="Ie01dc702347e10ff30a874d131ad3754" />
        <type>eighth</type>
        <accidental>sharp</accidental>
        <stem>down</stem>
        <beam number="1">begin</beam>
      </note>
      <note dynamics="111.11">
        <pitch>
          <step>G</step>
          <alter>0</alter>
          <octave>3</octave>
        </pitch>
        <duration>5040</duration>
        <instrument id="Ie01dc702347e10ff30a874d131ad3754" />
        <type>eighth</type>
        <accidental>natural</accidental>
        <stem>down</stem>
        <beam number="1">end</beam>
      </note>
      <note dynamics="111.11">
        <pitch>
          <step>B</step>
          <alter>0</alter>
          <octave>2</octave>
        </pitch>
        <duration>5040</duration>
        <instrument id="Ie01dc702347e10ff30a874d131ad3754" />
        <type>eighth</type>
        <accidental>natural</accidental>
        <stem>up</stem>
        <beam number="1">begin</beam>
      </note>
      <note dynamics="111.11">
        <pitch>
          <step>C</step>
          <octave>3</octave>
        </pitch>
        <duration>5040</duration>
        <instrument id="Ie01dc702347e10ff30a874d131ad3754" />
        <type>eighth</type>
        <stem>up</stem>
        <beam number="1">end</beam>
      </note>
    </measure>
    <!--========================= Measure 36 =========================-->
    <measure implicit="no" number="36">
      <note dynamics="111.11">
        <pitch>
          <step>G</step>
          <octave>2</octave>
        </pitch>
        <duration>5040</duration>
        <instrument id="Ie01dc702347e10ff30a874d131ad3754" />
        <type>eighth</type>
        <stem>up</stem>
        <beam number="1">begin</beam>
      </note>
      <note dynamics="111.11">
        <pitch>
          <step>D</step>
          <octave>3</octave>
        </pitch>
        <duration>5040</duration>
        <instrument id="Ie01dc702347e10ff30a874d131ad3754" />
        <type>eighth</type>
        <stem>up</stem>
        <beam number="1">end</beam>
      </note>
      <note dynamics="111.11">
        <pitch>
          <step>G</step>
          <octave>3</octave>
        </pitch>
        <duration>5040</duration>
        <instrument id="Ie01dc702347e10ff30a874d131ad3754" />
        <type>eighth</type>
        <stem>down</stem>
        <beam number="1">begin</beam>
      </note>
      <note dynamics="111.11">
        <pitch>
          <step>F</step>
          <alter>1</alter>
          <octave>3</octave>
        </pitch>
        <duration>5040</duration>
        <instrument id="Ie01dc702347e10ff30a874d131ad3754" />
        <type>eighth</type>
        <accidental>sharp</accidental>
        <stem>down</stem>
        <beam number="1">end</beam>
      </note>
      <note dynamics="111.11">
        <pitch>
          <step>C</step>
          <octave>4</octave>
        </pitch>
        <duration>5040</duration>
        <instrument id="Ie01dc702347e10ff30a874d131ad3754" />
        <type>eighth</type>
        <stem>down</stem>
        <beam number="1">begin</beam>
      </note>
      <note dynamics="111.11">
        <pitch>
          <step>B</step>
          <alter>0</alter>
          <octave>3</octave>
        </pitch>
        <duration>5040</duration>
        <instrument id="Ie01dc702347e10ff30a874d131ad3754" />
        <type>eighth</type>
        <accidental>natural</accidental>
        <stem>down</stem>
        <beam number="1">end</beam>
      </note>
    </measure>
    <!--========================= Measure 37 =========================-->
    <measure implicit="no" number="37">
      <note dynamics="111.11">
        <pitch>
          <step>E</step>
          <alter>-1</alter>
          <octave>4</octave>
        </pitch>
        <duration>5040</duration>
        <instrument id="Ie01dc702347e10ff30a874d131ad3754" />
        <type>eighth</type>
        <stem>down</stem>
        <beam number="1">begin</beam>
      </note>
      <note dynamics="111.11">
        <pitch>
          <step>C</step>
          <octave>4</octave>
        </pitch>
        <duration>5040</duration>
        <instrument id="Ie01dc702347e10ff30a874d131ad3754" />
        <type>eighth</type>
        <stem>down</stem>
        <beam number="1">end</beam>
      </note>
      <note dynamics="111.11">
        <pitch>
          <step>F</step>
          <alter>1</alter>
          <octave>3</octave>
        </pitch>
        <duration>5040</duration>
        <instrument id="Ie01dc702347e10ff30a874d131ad3754" />
        <type>eighth</type>
        <accidental>sharp</accidental>
        <stem>down</stem>
        <beam number="1">begin</beam>
      </note>
      <note dynamics="111.11">
        <pitch>
          <step>G</step>
          <octave>3</octave>
        </pitch>
        <duration>5040</duration>
        <instrument id="Ie01dc702347e10ff30a874d131ad3754" />
        <type>eighth</type>
        <stem>down</stem>
        <beam number="1">end</beam>
      </note>
      <note dynamics="111.11">
        <pitch>
          <step>A</step>
          <alter>0</alter>
          <octave>2</octave>
        </pitch>
        <duration>5040</duration>
        <instrument id="Ie01dc702347e10ff30a874d131ad3754" />
        <type>eighth</type>
        <accidental>natural</accidental>
        <stem>down</stem>
        <beam number="1">begin</beam>
      </note>
      <note dynamics="111.11">
        <pitch>
          <step>E</step>
          <alter>-1</alter>
          <octave>4</octave>
        </pitch>
        <duration>5040</duration>
        <instrument id="Ie01dc702347e10ff30a874d131ad3754" />
        <type>eighth</type>
        <stem>down</stem>
        <beam number="1">end</beam>
      </note>
    </measure>
    <!--========================= Measure 38 =========================-->
    <measure implicit="no" number="38">
      <note dynamics="111.11">
        <pitch>
          <step>D</step>
          <octave>4</octave>
        </pitch>
        <duration>5040</duration>
        <instrument id="Ie01dc702347e10ff30a874d131ad3754" />
        <type>eighth</type>
        <stem>down</stem>
        <beam number="1">begin</beam>
      </note>
      <note dynamics="111.11">
        <pitch>
          <step>G</step>
          <alter>1</alter>
          <octave>3</octave>
        </pitch>
        <duration>5040</duration>
        <instrument id="Ie01dc702347e10ff30a874d131ad3754" />
        <type>eighth</type>
        <accidental>sharp</accidental>
        <stem>down</stem>
        <beam number="1">end</beam>
      </note>
      <note dynamics="111.11">
        <pitch>
          <step>E</step>
          <alter>0</alter>
          <octave>3</octave>
        </pitch>
        <duration>5040</duration>
        <instrument id="Ie01dc702347e10ff30a874d131ad3754" />
        <type>eighth</type>
        <accidental>natural</accidental>
        <stem>down</stem>
        <beam number="1">begin</beam>
      </note>
      <note dynamics="111.11">
        <pitch>
          <step>F</step>
          <alter>0</alter>
          <octave>3</octave>
        </pitch>
        <duration>5040</duration>
        <instrument id="Ie01dc702347e10ff30a874d131ad3754" />
        <type>eighth</type>
        <accidental>natural</accidental>
        <stem>down</stem>
        <beam number="1">end</beam>
      </note>
      <note dynamics="111.11">
        <pitch>
          <step>B</step>
          <alter>0</alter>
          <octave>2</octave>
        </pitch>
        <duration>5040</duration>
        <instrument id="Ie01dc702347e10ff30a874d131ad3754" />
        <type>eighth</type>
        <accidental>natural</accidental>
        <stem>down</stem>
        <beam number="1">begin</beam>
      </note>
      <note dynamics="111.11">
        <pitch>
          <step>G</step>
          <alter>0</alter>
          <octave>3</octave>
        </pitch>
        <duration>5040</duration>
        <instrument id="Ie01dc702347e10ff30a874d131ad3754" />
        <type>eighth</type>
        <accidental>natural</accidental>
        <stem>down</stem>
        <beam number="1">end</beam>
      </note>
    </measure>
    <!--========================= Measure 39 =========================-->
    <measure implicit="no" number="39">
      <note dynamics="111.11">
        <pitch>
          <step>F</step>
          <octave>3</octave>
        </pitch>
        <duration>5040</duration>
        <instrument id="Ie01dc702347e10ff30a874d131ad3754" />
        <type>eighth</type>
        <stem>down</stem>
        <beam number="1">begin</beam>
      </note>
      <note dynamics="111.11">
        <pitch>
          <step>E</step>
          <alter>-1</alter>
          <octave>3</octave>
        </pitch>
        <duration>5040</duration>
        <instrument id="Ie01dc702347e10ff30a874d131ad3754" />
        <type>eighth</type>
        <accidental>flat</accidental>
        <stem>down</stem>
        <beam number="1">end</beam>
      </note>
      <note dynamics="111.11">
        <pitch>
          <step>B</step>
          <alter>0</alter>
          <octave>2</octave>
        </pitch>
        <duration>5040</duration>
        <instrument id="Ie01dc702347e10ff30a874d131ad3754" />
        <type>eighth</type>
        <accidental>natural</accidental>
        <stem>up</stem>
        <beam number="1">begin</beam>
      </note>
      <note dynamics="111.11">
        <pitch>
          <step>C</step>
          <octave>3</octave>
        </pitch>
        <duration>5040</duration>
        <instrument id="Ie01dc702347e10ff30a874d131ad3754" />
        <type>eighth</type>
        <stem>up</stem>
        <beam number="1">end</beam>
      </note>
      <note dynamics="111.11">
        <pitch>
          <step>G</step>
          <octave>2</octave>
        </pitch>
        <duration>5040</duration>
        <instrument id="Ie01dc702347e10ff30a874d131ad3754" />
        <type>eighth</type>
        <stem>down</stem>
        <beam number="1">begin</beam>
      </note>
      <note dynamics="111.11">
        <pitch>
          <step>B</step>
          <alter>0</alter>
          <octave>3</octave>
        </pitch>
        <duration>5040</duration>
        <instrument id="Ie01dc702347e10ff30a874d131ad3754" />
        <type>eighth</type>
        <accidental>natural</accidental>
        <stem>down</stem>
        <beam number="1">end</beam>
      </note>
    </measure>
    <!--========================= Measure 40 =========================-->
    <measure implicit="no" number="40">
      <note dynamics="111.11">
        <pitch>
          <step>C</step>
          <octave>2</octave>
        </pitch>
        <duration>5040</duration>
        <instrument id="Ie01dc702347e10ff30a874d131ad3754" />
        <type>eighth</type>
        <stem>up</stem>
        <beam number="1">begin</beam>
      </note>
      <note dynamics="111.11">
        <pitch>
          <step>G</step>
          <octave>2</octave>
        </pitch>
        <duration>5040</duration>
        <instrument id="Ie01dc702347e10ff30a874d131ad3754" />
        <type>eighth</type>
        <stem>up</stem>
        <beam number="1">end</beam>
      </note>
      <note dynamics="111.11">
        <pitch>
          <step>F</step>
          <octave>3</octave>
        </pitch>
        <duration>5040</duration>
        <instrument id="Ie01dc702347e10ff30a874d131ad3754" />
        <type>eighth</type>
        <stem>down</stem>
        <beam number="1">begin</beam>
      </note>
      <note dynamics="111.11">
        <pitch>
          <step>E</step>
          <alter>-1</alter>
          <octave>3</octave>
        </pitch>
        <duration>5040</duration>
        <instrument id="Ie01dc702347e10ff30a874d131ad3754" />
        <type>eighth</type>
        <stem>down</stem>
        <beam number="1">end</beam>
      </note>
      <note dynamics="111.11">
        <pitch>
          <step>C</step>
          <octave>4</octave>
        </pitch>
        <duration>10080</duration>
        <instrument id="Ie01dc702347e10ff30a874d131ad3754" />
        <type>quarter</type>
      </note>
      <barline location="right">
        <bar-style>light-heavy</bar-style>
      </barline>
    </measure>
  </part>
</score-partwise>