<?xml version='1.0' encoding='utf-8'?>
<!DOCTYPE score-partwise PUBLIC "-//Recordare//DTD MusicXML 3.0 Partwise//EN" "http://www.musicxml.org/dtds/partwise.dtd">
<score-partwise>
  <work>
    <work-title>Exercises for Changing Strings</work-title>
  </work>
  <identification>
    <encoding>
      <encoder>abc2xml version 236</encoder>
      <supports attribute="new-system" element="print" type="yes" value="yes" />
      <encoding-date>2022-10-29</encoding-date>
    </encoding>
  </identification>
  <part-list>
    <score-part id="P1">
      <part-name />
    </score-part>
  </part-list>
  <part id="P1">
    <measure number="1">
      <attributes>
        <divisions>120</divisions>
        <key>
          <fifths>1</fifths>
          <mode>major</mode>
        </key>
        <time>
          <beats>4</beats>
          <beat-type>4</beat-type>
        </time>
      </attributes>
      <attributes>
        <clef>
          <sign>G</sign>
          <line>2</line>
          <clef-octave-change>-1</clef-octave-change>
        </clef>
      </attributes>
      <note>
        <pitch>
          <step>G</step>
          <octave>3</octave>
        </pitch>
        <duration>30</duration>
        <voice>1</voice>
        <type>16th</type>
        <beam number="1">begin</beam>
        <notations>
          <technical>
            <fingering>0</fingering>
          </technical>
        </notations>
        <lyric number="1">
          <syllabic>single</syllabic>
          <text>i</text>
        </lyric>
      </note>
      <note>
        <pitch>
          <step>G</step>
          <octave>3</octave>
        </pitch>
        <duration>30</duration>
        <voice>1</voice>
        <type>16th</type>
        <beam number="1">continue</beam>
        <lyric number="1">
          <syllabic>single</syllabic>
          <text>m</text>
        </lyric>
      </note>
      <note>
        <pitch>
          <step>G</step>
          <octave>3</octave>
        </pitch>
        <duration>30</duration>
        <voice>1</voice>
        <type>16th</type>
        <beam number="1">continue</beam>
        <lyric number="1">
          <syllabic>single</syllabic>
          <text>i</text>
        </lyric>
      </note>
      <note>
        <pitch>
          <step>G</step>
          <octave>3</octave>
        </pitch>
        <duration>30</duration>
        <voice>1</voice>
        <type>16th</type>
        <beam number="1">end</beam>
        <lyric number="1">
          <syllabic>single</syllabic>
          <text>m</text>
        </lyric>
      </note>
      <note>
        <pitch>
          <step>G</step>
          <octave>3</octave>
        </pitch>
        <duration>60</duration>
        <voice>1</voice>
        <type>eighth</type>
        <beam number="1">begin</beam>
        <lyric number="1">
          <syllabic>single</syllabic>
          <text>i</text>
        </lyric>
      </note>
      <note>
        <pitch>
          <step>G</step>
          <octave>3</octave>
        </pitch>
        <duration>60</duration>
        <voice>1</voice>
        <type>eighth</type>
        <beam number="1">end</beam>
        <lyric number="1">
          <syllabic>single</syllabic>
          <text>m</text>
        </lyric>
      </note>
      <note>
        <rest />
        <duration>120</duration>
        <voice>1</voice>
        <type>quarter</type>
      </note>
      <note>
        <rest />
        <duration>120</duration>
        <voice>1</voice>
        <type>quarter</type>
      </note>
    </measure>
    <measure number="2">
      <note>
        <pitch>
          <step>B</step>
          <octave>3</octave>
        </pitch>
        <duration>30</duration>
        <voice>1</voice>
        <type>16th</type>
        <beam number="1">begin</beam>
      </note>
      <note>
        <pitch>
          <step>B</step>
          <octave>3</octave>
        </pitch>
        <duration>30</duration>
        <voice>1</voice>
        <type>16th</type>
        <beam number="1">continue</beam>
      </note>
      <note>
        <pitch>
          <step>B</step>
          <octave>3</octave>
        </pitch>
        <duration>30</duration>
        <voice>1</voice>
        <type>16th</type>
        <beam number="1">continue</beam>
      </note>
      <note>
        <pitch>
          <step>B</step>
          <octave>3</octave>
        </pitch>
        <duration>30</duration>
        <voice>1</voice>
        <type>16th</type>
        <beam number="1">end</beam>
      </note>
      <note>
        <pitch>
          <step>B</step>
          <octave>3</octave>
        </pitch>
        <duration>60</duration>
        <voice>1</voice>
        <type>eighth</type>
        <beam number="1">begin</beam>
      </note>
      <note>
        <pitch>
          <step>B</step>
          <octave>3</octave>
        </pitch>
        <duration>60</duration>
        <voice>1</voice>
        <type>eighth</type>
        <beam number="1">end</beam>
      </note>
      <note>
        <rest />
        <duration>120</duration>
        <voice>1</voice>
        <type>quarter</type>
      </note>
      <note>
        <rest />
        <duration>120</duration>
        <voice>1</voice>
        <type>quarter</type>
      </note>
    </measure>
    <measure number="3">
      <print new-system="yes" />
      <note>
        <pitch>
          <step>E</step>
          <octave>4</octave>
        </pitch>
        <duration>30</duration>
        <voice>1</voice>
        <type>16th</type>
        <beam number="1">begin</beam>
        <notations>
          <technical>
            <fingering>0</fingering>
          </technical>
        </notations>
      </note>
      <note>
        <pitch>
          <step>E</step>
          <octave>4</octave>
        </pitch>
        <duration>30</duration>
        <voice>1</voice>
        <type>16th</type>
        <beam number="1">continue</beam>
      </note>
      <note>
        <pitch>
          <step>E</step>
          <octave>4</octave>
        </pitch>
        <duration>30</duration>
        <voice>1</voice>
        <type>16th</type>
        <beam number="1">continue</beam>
      </note>
      <note>
        <pitch>
          <step>E</step>
          <octave>4</octave>
        </pitch>
        <duration>30</duration>
        <voice>1</voice>
        <type>16th</type>
        <beam number="1">end</beam>
      </note>
      <note>
        <pitch>
          <step>E</step>
          <octave>4</octave>
        </pitch>
        <duration>60</duration>
        <voice>1</voice>
        <type>eighth</type>
        <beam number="1">begin</beam>
      </note>
      <note>
        <pitch>
          <step>E</step>
          <octave>4</octave>
        </pitch>
        <duration>60</duration>
        <voice>1</voice>
        <type>eighth</type>
        <beam number="1">end</beam>
      </note>
      <note>
        <rest />
        <duration>120</duration>
        <voice>1</voice>
        <type>quarter</type>
      </note>
      <note>
        <rest />
        <duration>120</duration>
        <voice>1</voice>
        <type>quarter</type>
      </note>
    </measure>
    <measure number="4">
      <note>
        <pitch>
          <step>B</step>
          <octave>3</octave>
        </pitch>
        <duration>30</duration>
        <voice>1</voice>
        <type>16th</type>
        <beam number="1">begin</beam>
        <notations>
          <technical>
            <fingering>3</fingering>
          </technical>
        </notations>
      </note>
      <note>
        <pitch>
          <step>B</step>
          <octave>3</octave>
        </pitch>
        <duration>30</duration>
        <voice>1</voice>
        <type>16th</type>
        <beam number="1">continue</beam>
      </note>
      <note>
        <pitch>
          <step>B</step>
          <octave>3</octave>
        </pitch>
        <duration>30</duration>
        <voice>1</voice>
        <type>16th</type>
        <beam number="1">continue</beam>
      </note>
      <note>
        <pitch>
          <step>B</step>
          <octave>3</octave>
        </pitch>
        <duration>30</duration>
        <voice>1</voice>
        <type>16th</type>
        <beam number="1">end</beam>
      </note>
      <note>
        <pitch>
          <step>B</step>
          <octave>3</octave>
        </pitch>
        <duration>60</duration>
        <voice>1</voice>
        <type>eighth</type>
        <beam number="1">begin</beam>
      </note>
      <note>
        <pitch>
          <step>B</step>
          <octave>3</octave>
        </pitch>
        <duration>60</duration>
        <voice>1</voice>
        <type>eighth</type>
        <beam number="1">end</beam>
      </note>
      <note>
        <rest />
        <duration>120</duration>
        <voice>1</voice>
        <type>quarter</type>
      </note>
      <note>
        <rest />
        <duration>120</duration>
        <voice>1</voice>
        <type>quarter</type>
      </note>
      <barline location="right">
        <bar-style>light-heavy</bar-style>
        <repeat direction="backward" />
      </barline>
    </measure>
    <measure number="5">
      <print new-system="yes" />
      <attributes>
        <time>
          <beats>3</beats>
          <beat-type>4</beat-type>
        </time>
      </attributes>
      <note>
        <pitch>
          <step>G</step>
          <octave>3</octave>
        </pitch>
        <duration>30</duration>
        <voice>1</voice>
        <type>16th</type>
        <beam number="1">begin</beam>
        <lyric number="1">
          <syllabic>single</syllabic>
          <text>i</text>
        </lyric>
      </note>
      <note>
        <pitch>
          <step>G</step>
          <octave>3</octave>
        </pitch>
        <duration>30</duration>
        <voice>1</voice>
        <type>16th</type>
        <beam number="1">continue</beam>
        <lyric number="1">
          <syllabic>single</syllabic>
          <text>m</text>
        </lyric>
      </note>
      <note>
        <pitch>
          <step>G</step>
          <octave>3</octave>
        </pitch>
        <duration>30</duration>
        <voice>1</voice>
        <type>16th</type>
        <beam number="1">continue</beam>
        <lyric number="1">
          <syllabic>single</syllabic>
          <text>i</text>
        </lyric>
      </note>
      <note>
        <pitch>
          <step>G</step>
          <octave>3</octave>
        </pitch>
        <duration>30</duration>
        <voice>1</voice>
        <type>16th</type>
        <beam number="1">end</beam>
        <lyric number="1">
          <syllabic>single</syllabic>
          <text>m</text>
        </lyric>
      </note>
      <note>
        <pitch>
          <step>G</step>
          <octave>3</octave>
        </pitch>
        <duration>60</duration>
        <voice>1</voice>
        <type>eighth</type>
        <beam number="1">begin</beam>
        <lyric number="1">
          <syllabic>single</syllabic>
          <text>i</text>
        </lyric>
      </note>
      <note>
        <pitch>
          <step>G</step>
          <octave>3</octave>
        </pitch>
        <duration>60</duration>
        <voice>1</voice>
        <type>eighth</type>
        <beam number="1">end</beam>
        <lyric number="1">
          <syllabic>single</syllabic>
          <text>m</text>
        </lyric>
      </note>
      <note>
        <rest />
        <duration>120</duration>
        <voice>1</voice>
        <type>quarter</type>
      </note>
    </measure>
    <measure number="6">
      <note>
        <pitch>
          <step>B</step>
          <octave>3</octave>
        </pitch>
        <duration>30</duration>
        <voice>1</voice>
        <type>16th</type>
        <beam number="1">begin</beam>
      </note>
      <note>
        <pitch>
          <step>B</step>
          <octave>3</octave>
        </pitch>
        <duration>30</duration>
        <voice>1</voice>
        <type>16th</type>
        <beam number="1">continue</beam>
      </note>
      <note>
        <pitch>
          <step>B</step>
          <octave>3</octave>
        </pitch>
        <duration>30</duration>
        <voice>1</voice>
        <type>16th</type>
        <beam number="1">continue</beam>
      </note>
      <note>
        <pitch>
          <step>B</step>
          <octave>3</octave>
        </pitch>
        <duration>30</duration>
        <voice>1</voice>
        <type>16th</type>
        <beam number="1">end</beam>
      </note>
      <note>
        <pitch>
          <step>B</step>
          <octave>3</octave>
        </pitch>
        <duration>60</duration>
        <voice>1</voice>
        <type>eighth</type>
        <beam number="1">begin</beam>
      </note>
      <note>
        <pitch>
          <step>B</step>
          <octave>3</octave>
        </pitch>
        <duration>60</duration>
        <voice>1</voice>
        <type>eighth</type>
        <beam number="1">end</beam>
      </note>
      <note>
        <rest />
        <duration>120</duration>
        <voice>1</voice>
        <type>quarter</type>
      </note>
    </measure>
    <measure number="7">
      <note>
        <pitch>
          <step>E</step>
          <octave>4</octave>
        </pitch>
        <duration>30</duration>
        <voice>1</voice>
        <type>16th</type>
        <beam number="1">begin</beam>
      </note>
      <note>
        <pitch>
          <step>E</step>
          <octave>4</octave>
        </pitch>
        <duration>30</duration>
        <voice>1</voice>
        <type>16th</type>
        <beam number="1">continue</beam>
      </note>
      <note>
        <pitch>
          <step>E</step>
          <octave>4</octave>
        </pitch>
        <duration>30</duration>
        <voice>1</voice>
        <type>16th</type>
        <beam number="1">continue</beam>
      </note>
      <note>
        <pitch>
          <step>E</step>
          <octave>4</octave>
        </pitch>
        <duration>30</duration>
        <voice>1</voice>
        <type>16th</type>
        <beam number="1">end</beam>
      </note>
      <note>
        <pitch>
          <step>E</step>
          <octave>4</octave>
        </pitch>
        <duration>60</duration>
        <voice>1</voice>
        <type>eighth</type>
        <beam number="1">begin</beam>
      </note>
      <note>
        <pitch>
          <step>E</step>
          <octave>4</octave>
        </pitch>
        <duration>60</duration>
        <voice>1</voice>
        <type>eighth</type>
        <beam number="1">end</beam>
      </note>
      <note>
        <rest />
        <duration>120</duration>
        <voice>1</voice>
        <type>quarter</type>
      </note>
    </measure>
    <measure number="8">
      <note>
        <pitch>
          <step>B</step>
          <octave>3</octave>
        </pitch>
        <duration>30</duration>
        <voice>1</voice>
        <type>16th</type>
        <beam number="1">begin</beam>
      </note>
      <note>
        <pitch>
          <step>B</step>
          <octave>3</octave>
        </pitch>
        <duration>30</duration>
        <voice>1</voice>
        <type>16th</type>
        <beam number="1">continue</beam>
      </note>
      <note>
        <pitch>
          <step>B</step>
          <octave>3</octave>
        </pitch>
        <duration>30</duration>
        <voice>1</voice>
        <type>16th</type>
        <beam number="1">continue</beam>
      </note>
      <note>
        <pitch>
          <step>B</step>
          <octave>3</octave>
        </pitch>
        <duration>30</duration>
        <voice>1</voice>
        <type>16th</type>
        <beam number="1">end</beam>
      </note>
      <note>
        <pitch>
          <step>B</step>
          <octave>3</octave>
        </pitch>
        <duration>60</duration>
        <voice>1</voice>
        <type>eighth</type>
        <beam number="1">begin</beam>
      </note>
      <note>
        <pitch>
          <step>B</step>
          <octave>3</octave>
        </pitch>
        <duration>60</duration>
        <voice>1</voice>
        <type>eighth</type>
        <beam number="1">end</beam>
      </note>
      <note>
        <rest />
        <duration>120</duration>
        <voice>1</voice>
        <type>quarter</type>
      </note>
      <barline location="right">
        <bar-style>light-heavy</bar-style>
      </barline>
    </measure>
    <measure number="9">
      <print new-system="yes" />
      <attributes>
        <time>
          <beats>4</beats>
          <beat-type>4</beat-type>
        </time>
      </attributes>
      <note>
        <pitch>
          <step>G</step>
          <octave>3</octave>
        </pitch>
        <duration>30</duration>
        <voice>1</voice>
        <type>16th</type>
        <beam number="1">begin</beam>
      </note>
      <note>
        <pitch>
          <step>G</step>
          <octave>3</octave>
        </pitch>
        <duration>30</duration>
        <voice>1</voice>
        <type>16th</type>
        <beam number="1">continue</beam>
      </note>
      <note>
        <pitch>
          <step>G</step>
          <octave>3</octave>
        </pitch>
        <duration>30</duration>
        <voice>1</voice>
        <type>16th</type>
        <beam number="1">continue</beam>
      </note>
      <note>
        <pitch>
          <step>G</step>
          <octave>3</octave>
        </pitch>
        <duration>30</duration>
        <voice>1</voice>
        <type>16th</type>
        <beam number="1">end</beam>
      </note>
      <note>
        <pitch>
          <step>G</step>
          <octave>3</octave>
        </pitch>
        <duration>60</duration>
        <voice>1</voice>
        <type>eighth</type>
        <beam number="1">begin</beam>
      </note>
      <note>
        <pitch>
          <step>G</step>
          <octave>3</octave>
        </pitch>
        <duration>60</duration>
        <voice>1</voice>
        <type>eighth</type>
        <beam number="1">end</beam>
      </note>
      <note>
        <pitch>
          <step>B</step>
          <octave>3</octave>
        </pitch>
        <duration>30</duration>
        <voice>1</voice>
        <type>16th</type>
        <beam number="1">begin</beam>
      </note>
      <note>
        <pitch>
          <step>B</step>
          <octave>3</octave>
        </pitch>
        <duration>30</duration>
        <voice>1</voice>
        <type>16th</type>
        <beam number="1">continue</beam>
      </note>
      <note>
        <pitch>
          <step>B</step>
          <octave>3</octave>
        </pitch>
        <duration>30</duration>
        <voice>1</voice>
        <type>16th</type>
        <beam number="1">continue</beam>
      </note>
      <note>
        <pitch>
          <step>B</step>
          <octave>3</octave>
        </pitch>
        <duration>30</duration>
        <voice>1</voice>
        <type>16th</type>
        <beam number="1">end</beam>
      </note>
      <note>
        <pitch>
          <step>B</step>
          <octave>3</octave>
        </pitch>
        <duration>60</duration>
        <voice>1</voice>
        <type>eighth</type>
        <beam number="1">begin</beam>
      </note>
      <note>
        <pitch>
          <step>B</step>
          <octave>3</octave>
        </pitch>
        <duration>60</duration>
        <voice>1</voice>
        <type>eighth</type>
        <beam number="1">end</beam>
      </note>
    </measure>
    <measure number="10">
      <note>
        <pitch>
          <step>E</step>
          <octave>4</octave>
        </pitch>
        <duration>30</duration>
        <voice>1</voice>
        <type>16th</type>
        <beam number="1">begin</beam>
      </note>
      <note>
        <pitch>
          <step>E</step>
          <octave>4</octave>
        </pitch>
        <duration>30</duration>
        <voice>1</voice>
        <type>16th</type>
        <beam number="1">continue</beam>
      </note>
      <note>
        <pitch>
          <step>E</step>
          <octave>4</octave>
        </pitch>
        <duration>30</duration>
        <voice>1</voice>
        <type>16th</type>
        <beam number="1">continue</beam>
      </note>
      <note>
        <pitch>
          <step>E</step>
          <octave>4</octave>
        </pitch>
        <duration>30</duration>
        <voice>1</voice>
        <type>16th</type>
        <beam number="1">end</beam>
      </note>
      <note>
        <pitch>
          <step>E</step>
          <octave>4</octave>
        </pitch>
        <duration>60</duration>
        <voice>1</voice>
        <type>eighth</type>
        <beam number="1">begin</beam>
      </note>
      <note>
        <pitch>
          <step>E</step>
          <octave>4</octave>
        </pitch>
        <duration>60</duration>
        <voice>1</voice>
        <type>eighth</type>
        <beam number="1">end</beam>
      </note>
      <note>
        <pitch>
          <step>B</step>
          <octave>3</octave>
        </pitch>
        <duration>30</duration>
        <voice>1</voice>
        <type>16th</type>
        <beam number="1">begin</beam>
      </note>
      <note>
        <pitch>
          <step>B</step>
          <octave>3</octave>
        </pitch>
        <duration>30</duration>
        <voice>1</voice>
        <type>16th</type>
        <beam number="1">continue</beam>
      </note>
      <note>
        <pitch>
          <step>B</step>
          <octave>3</octave>
        </pitch>
        <duration>30</duration>
        <voice>1</voice>
        <type>16th</type>
        <beam number="1">continue</beam>
      </note>
      <note>
        <pitch>
          <step>B</step>
          <octave>3</octave>
        </pitch>
        <duration>30</duration>
        <voice>1</voice>
        <type>16th</type>
        <beam number="1">end</beam>
      </note>
      <note>
        <pitch>
          <step>B</step>
          <octave>3</octave>
        </pitch>
        <duration>60</duration>
        <voice>1</voice>
        <type>eighth</type>
        <beam number="1">begin</beam>
      </note>
      <note>
        <pitch>
          <step>B</step>
          <octave>3</octave>
        </pitch>
        <duration>60</duration>
        <voice>1</voice>
        <type>eighth</type>
        <beam number="1">end</beam>
      </note>
      <barline location="right">
        <bar-style>light-light</bar-style>
      </barline>
    </measure>
    <measure number="11">
      <print new-system="yes" />
      <note>
        <pitch>
          <step>G</step>
          <octave>3</octave>
        </pitch>
        <duration>120</duration>
        <voice>1</voice>
        <type>quarter</type>
        <lyric number="1">
          <syllabic>single</syllabic>
          <text>i</text>
        </lyric>
      </note>
      <note>
        <pitch>
          <step>G</step>
          <octave>3</octave>
        </pitch>
        <duration>120</duration>
        <voice>1</voice>
        <type>quarter</type>
        <lyric number="1">
          <syllabic>single</syllabic>
          <text>m</text>
        </lyric>
      </note>
      <note>
        <pitch>
          <step>B</step>
          <octave>3</octave>
        </pitch>
        <duration>120</duration>
        <voice>1</voice>
        <type>quarter</type>
        <lyric number="1">
          <syllabic>single</syllabic>
          <text>i</text>
        </lyric>
      </note>
      <note>
        <pitch>
          <step>B</step>
          <octave>3</octave>
        </pitch>
        <duration>120</duration>
        <voice>1</voice>
        <type>quarter</type>
        <lyric number="1">
          <syllabic>single</syllabic>
          <text>m</text>
        </lyric>
      </note>
    </measure>
    <measure number="12">
      <note>
        <pitch>
          <step>E</step>
          <octave>4</octave>
        </pitch>
        <duration>120</duration>
        <voice>1</voice>
        <type>quarter</type>
        <notations>
          <technical>
            <fingering>1</fingering>
          </technical>
        </notations>
        <lyric number="1">
          <syllabic>single</syllabic>
          <text>i</text>
        </lyric>
      </note>
      <note>
        <pitch>
          <step>E</step>
          <octave>4</octave>
        </pitch>
        <duration>120</duration>
        <voice>1</voice>
        <type>quarter</type>
        <lyric number="1">
          <syllabic>single</syllabic>
          <text>m</text>
        </lyric>
      </note>
      <note>
        <pitch>
          <step>B</step>
          <octave>3</octave>
        </pitch>
        <duration>240</duration>
        <voice>1</voice>
        <type>half</type>
        <lyric number="1">
          <syllabic>single</syllabic>
          <text>i</text>
        </lyric>
      </note>
    </measure>
    <measure number="13">
      <note>
        <pitch>
          <step>B</step>
          <octave>3</octave>
        </pitch>
        <duration>120</duration>
        <voice>1</voice>
        <type>quarter</type>
        <lyric number="1">
          <syllabic>single</syllabic>
          <text>m</text>
        </lyric>
      </note>
      <note>
        <pitch>
          <step>B</step>
          <octave>3</octave>
        </pitch>
        <duration>120</duration>
        <voice>1</voice>
        <type>quarter</type>
        <lyric number="1">
          <syllabic>single</syllabic>
          <text>i</text>
        </lyric>
      </note>
      <note>
        <pitch>
          <step>B</step>
          <octave>3</octave>
        </pitch>
        <duration>120</duration>
        <voice>1</voice>
        <type>quarter</type>
        <lyric number="1">
          <syllabic>single</syllabic>
          <text>m</text>
        </lyric>
      </note>
      <note>
        <pitch>
          <step>B</step>
          <octave>3</octave>
        </pitch>
        <duration>120</duration>
        <voice>1</voice>
        <type>quarter</type>
        <lyric number="1">
          <syllabic>single</syllabic>
          <text>i</text>
        </lyric>
      </note>
    </measure>
    <measure number="14">
      <note>
        <pitch>
          <step>G</step>
          <octave>3</octave>
        </pitch>
        <duration>120</duration>
        <voice>1</voice>
        <type>quarter</type>
        <lyric number="1">
          <syllabic>single</syllabic>
          <text>m</text>
        </lyric>
      </note>
      <note>
        <pitch>
          <step>G</step>
          <octave>3</octave>
        </pitch>
        <duration>120</duration>
        <voice>1</voice>
        <type>quarter</type>
        <lyric number="1">
          <syllabic>single</syllabic>
          <text>i</text>
        </lyric>
      </note>
      <note>
        <pitch>
          <step>G</step>
          <octave>3</octave>
        </pitch>
        <duration>240</duration>
        <voice>1</voice>
        <type>half</type>
        <lyric number="1">
          <syllabic>single</syllabic>
          <text>m</text>
        </lyric>
      </note>
      <barline location="right">
        <bar-style>light-heavy</bar-style>
      </barline>
    </measure>
  </part>
</score-partwise>
