<?xml version='1.0' encoding='utf-8'?>
<!DOCTYPE score-partwise PUBLIC "-//Recordare//DTD MusicXML 3.0 Partwise//EN" "http://www.musicxml.org/dtds/partwise.dtd">
<score-partwise>
  <work>
    <work-title>Ein Niderlendisch Tentzlein (Little Dutch Dance) - Guitar</work-title>
  </work>
  <identification>
    <creator type="composer">Hans Neusiedler
Arr. Diana Poulton</creator>
    <encoding>
      <encoder>abc2xml version 236</encoder>
      <supports attribute="new-system" element="print" type="yes" value="yes" />
      <encoding-date>2022-10-29</encoding-date>
    </encoding>
  </identification>
  <part-list>
    <score-part id="P1">
      <part-name />
    </score-part>
  </part-list>
  <part id="P1">
    <measure number="1">
      <attributes>
        <divisions>120</divisions>
        <key>
          <fifths>3</fifths>
          <mode>major</mode>
        </key>
        <time>
          <beats>4</beats>
          <beat-type>4</beat-type>
        </time>
        <clef>
          <sign>G</sign>
          <line>2</line>
          <clef-octave-change>-1</clef-octave-change>
        </clef>
      </attributes>
      <direction placement="above">
        <direction-type>
          <words>i</words>
        </direction-type>
      </direction>
      <note>
        <pitch>
          <step>E</step>
          <octave>4</octave>
        </pitch>
        <duration>120</duration>
        <voice>1</voice>
        <type>quarter</type>
      </note>
    </measure>
    <measure number="2">
      <direction placement="above">
        <direction-type>
          <words>m</words>
        </direction-type>
      </direction>
      <note>
        <pitch>
          <step>D</step>
          <octave>4</octave>
        </pitch>
        <duration>240</duration>
        <voice>1</voice>
        <type>half</type>
      </note>
      <direction placement="above">
        <direction-type>
          <words>p</words>
        </direction-type>
      </direction>
      <note>
        <pitch>
          <step>B</step>
          <octave>3</octave>
        </pitch>
        <duration>120</duration>
        <voice>1</voice>
        <type>quarter</type>
      </note>
      <direction placement="above">
        <direction-type>
          <words>i</words>
        </direction-type>
      </direction>
      <note>
        <pitch>
          <step>D</step>
          <octave>4</octave>
        </pitch>
        <duration>120</duration>
        <voice>1</voice>
        <type>quarter</type>
      </note>
      <backup>
        <duration>480</duration>
      </backup>
      <note>
        <pitch>
          <step>D</step>
          <octave>3</octave>
        </pitch>
        <duration>480</duration>
        <voice>2</voice>
        <type>whole</type>
      </note>
    </measure>
    <measure number="4">
      <direction placement="above">
        <direction-type>
          <words>m</words>
        </direction-type>
      </direction>
      <note>
        <pitch>
          <step>C</step>
          <alter>1</alter>
          <octave>4</octave>
        </pitch>
        <duration>240</duration>
        <voice>1</voice>
        <type>half</type>
      </note>
      <direction placement="above">
        <direction-type>
          <words>p</words>
        </direction-type>
      </direction>
      <note>
        <pitch>
          <step>A</step>
          <octave>3</octave>
        </pitch>
        <duration>120</duration>
        <voice>1</voice>
        <type>quarter</type>
      </note>
      <direction placement="above">
        <direction-type>
          <words>i</words>
        </direction-type>
      </direction>
      <note>
        <pitch>
          <step>C</step>
          <alter>1</alter>
          <octave>4</octave>
        </pitch>
        <duration>120</duration>
        <voice>1</voice>
        <type>quarter</type>
      </note>
      <backup>
        <duration>480</duration>
      </backup>
      <note>
        <pitch>
          <step>A</step>
          <octave>2</octave>
        </pitch>
        <duration>480</duration>
        <voice>2</voice>
        <type>whole</type>
      </note>
    </measure>
    <measure number="6">
      <direction placement="above">
        <direction-type>
          <words>m</words>
        </direction-type>
      </direction>
      <note>
        <pitch>
          <step>B</step>
          <octave>3</octave>
        </pitch>
        <duration>120</duration>
        <voice>1</voice>
        <type>quarter</type>
      </note>
      <direction placement="above">
        <direction-type>
          <words>i</words>
        </direction-type>
      </direction>
      <note>
        <pitch>
          <step>G</step>
          <alter>1</alter>
          <octave>3</octave>
        </pitch>
        <duration>120</duration>
        <voice>1</voice>
        <type>quarter</type>
      </note>
      <direction placement="above">
        <direction-type>
          <words>p</words>
        </direction-type>
      </direction>
      <note>
        <pitch>
          <step>A</step>
          <octave>3</octave>
        </pitch>
        <duration>120</duration>
        <voice>1</voice>
        <type>quarter</type>
      </note>
      <direction placement="above">
        <direction-type>
          <words>i</words>
        </direction-type>
      </direction>
      <note>
        <pitch>
          <step>B</step>
          <octave>3</octave>
        </pitch>
        <duration>120</duration>
        <voice>1</voice>
        <type>quarter</type>
      </note>
      <backup>
        <duration>480</duration>
      </backup>
      <note>
        <pitch>
          <step>E</step>
          <octave>2</octave>
        </pitch>
        <duration>480</duration>
        <voice>2</voice>
        <type>whole</type>
      </note>
    </measure>
    <measure number="8">
      <direction placement="above">
        <direction-type>
          <words>m</words>
        </direction-type>
      </direction>
      <note>
        <pitch>
          <step>C</step>
          <alter>1</alter>
          <octave>4</octave>
        </pitch>
        <duration>240</duration>
        <voice>1</voice>
        <type>half</type>
      </note>
      <direction placement="above">
        <direction-type>
          <words>p</words>
        </direction-type>
      </direction>
      <note>
        <pitch>
          <step>A</step>
          <octave>3</octave>
        </pitch>
        <duration>120</duration>
        <voice>1</voice>
        <type>quarter</type>
      </note>
      <direction placement="above">
        <direction-type>
          <words>i</words>
        </direction-type>
      </direction>
      <note>
        <pitch>
          <step>E</step>
          <octave>4</octave>
        </pitch>
        <duration>120</duration>
        <voice>1</voice>
        <type>quarter</type>
      </note>
      <backup>
        <duration>480</duration>
      </backup>
      <note>
        <pitch>
          <step>A</step>
          <octave>2</octave>
        </pitch>
        <duration>480</duration>
        <voice>2</voice>
        <type>whole</type>
      </note>
    </measure>
    <measure number="10">
      <print new-system="yes" />
      <direction placement="above">
        <direction-type>
          <words>m</words>
        </direction-type>
      </direction>
      <note>
        <pitch>
          <step>D</step>
          <octave>4</octave>
        </pitch>
        <duration>240</duration>
        <voice>1</voice>
        <type>half</type>
      </note>
      <direction placement="above">
        <direction-type>
          <words>p</words>
        </direction-type>
      </direction>
      <note>
        <pitch>
          <step>B</step>
          <octave>3</octave>
        </pitch>
        <duration>120</duration>
        <voice>1</voice>
        <type>quarter</type>
      </note>
      <direction placement="above">
        <direction-type>
          <words>i</words>
        </direction-type>
      </direction>
      <note>
        <pitch>
          <step>D</step>
          <octave>4</octave>
        </pitch>
        <duration>120</duration>
        <voice>1</voice>
        <type>quarter</type>
      </note>
      <backup>
        <duration>480</duration>
      </backup>
      <note>
        <pitch>
          <step>D</step>
          <octave>3</octave>
        </pitch>
        <duration>480</duration>
        <voice>2</voice>
        <type>whole</type>
      </note>
    </measure>
    <measure number="12">
      <direction placement="above">
        <direction-type>
          <words>m</words>
        </direction-type>
      </direction>
      <note>
        <pitch>
          <step>C</step>
          <alter>1</alter>
          <octave>4</octave>
        </pitch>
        <duration>240</duration>
        <voice>1</voice>
        <type>half</type>
      </note>
      <direction placement="above">
        <direction-type>
          <words>p</words>
        </direction-type>
      </direction>
      <note>
        <pitch>
          <step>A</step>
          <octave>3</octave>
        </pitch>
        <duration>120</duration>
        <voice>1</voice>
        <type>quarter</type>
      </note>
      <direction placement="above">
        <direction-type>
          <words>i</words>
        </direction-type>
      </direction>
      <note>
        <pitch>
          <step>C</step>
          <alter>1</alter>
          <octave>4</octave>
        </pitch>
        <duration>120</duration>
        <voice>1</voice>
        <type>quarter</type>
      </note>
      <backup>
        <duration>480</duration>
      </backup>
      <note>
        <pitch>
          <step>A</step>
          <octave>2</octave>
        </pitch>
        <duration>480</duration>
        <voice>2</voice>
        <type>whole</type>
      </note>
    </measure>
    <measure number="14">
      <direction placement="above">
        <direction-type>
          <words>m</words>
        </direction-type>
      </direction>
      <note>
        <pitch>
          <step>B</step>
          <octave>3</octave>
        </pitch>
        <duration>120</duration>
        <voice>1</voice>
        <type>quarter</type>
      </note>
      <direction placement="above">
        <direction-type>
          <words>i</words>
        </direction-type>
      </direction>
      <note>
        <pitch>
          <step>G</step>
          <alter>1</alter>
          <octave>3</octave>
        </pitch>
        <duration>120</duration>
        <voice>1</voice>
        <type>quarter</type>
      </note>
      <direction placement="above">
        <direction-type>
          <words>p</words>
        </direction-type>
      </direction>
      <note>
        <pitch>
          <step>A</step>
          <octave>3</octave>
        </pitch>
        <duration>120</duration>
        <voice>1</voice>
        <type>quarter</type>
      </note>
      <direction placement="above">
        <direction-type>
          <words>i</words>
        </direction-type>
      </direction>
      <note>
        <pitch>
          <step>B</step>
          <octave>3</octave>
        </pitch>
        <duration>120</duration>
        <voice>1</voice>
        <type>quarter</type>
      </note>
      <backup>
        <duration>480</duration>
      </backup>
      <note>
        <pitch>
          <step>E</step>
          <octave>2</octave>
        </pitch>
        <duration>480</duration>
        <voice>2</voice>
        <type>whole</type>
      </note>
    </measure>
    <measure number="16">
      <direction placement="above">
        <direction-type>
          <words>m</words>
        </direction-type>
      </direction>
      <note>
        <pitch>
          <step>C</step>
          <alter>1</alter>
          <octave>4</octave>
        </pitch>
        <duration>240</duration>
        <voice>1</voice>
        <type>half</type>
      </note>
      <direction placement="above">
        <direction-type>
          <words>p</words>
        </direction-type>
      </direction>
      <note>
        <pitch>
          <step>A</step>
          <octave>3</octave>
        </pitch>
        <duration>120</duration>
        <voice>1</voice>
        <type>quarter</type>
      </note>
      <direction placement="above">
        <direction-type>
          <words>i</words>
        </direction-type>
      </direction>
      <note>
        <pitch>
          <step>A</step>
          <octave>2</octave>
        </pitch>
        <duration>120</duration>
        <voice>1</voice>
        <type>quarter</type>
      </note>
      <backup>
        <duration>480</duration>
      </backup>
      <note>
        <pitch>
          <step>A</step>
          <octave>2</octave>
        </pitch>
        <duration>480</duration>
        <voice>2</voice>
        <type>whole</type>
      </note>
      <barline location="right">
        <bar-style>light-light</bar-style>
      </barline>
    </measure>
    <measure number="18">
      <print new-system="yes" />
      <direction placement="above">
        <direction-type>
          <words>m</words>
        </direction-type>
      </direction>
      <note>
        <pitch>
          <step>D</step>
          <octave>4</octave>
        </pitch>
        <duration>120</duration>
        <voice>1</voice>
        <type>quarter</type>
      </note>
      <direction placement="above">
        <direction-type>
          <words>i</words>
        </direction-type>
      </direction>
      <note>
        <pitch>
          <step>C</step>
          <alter>1</alter>
          <octave>4</octave>
        </pitch>
        <duration>120</duration>
        <voice>1</voice>
        <type>quarter</type>
      </note>
      <direction placement="above">
        <direction-type>
          <words>p</words>
        </direction-type>
      </direction>
      <note>
        <pitch>
          <step>D</step>
          <octave>4</octave>
        </pitch>
        <duration>120</duration>
        <voice>1</voice>
        <type>quarter</type>
      </note>
      <direction placement="above">
        <direction-type>
          <words>i</words>
        </direction-type>
      </direction>
      <note>
        <pitch>
          <step>E</step>
          <octave>4</octave>
        </pitch>
        <duration>120</duration>
        <voice>1</voice>
        <type>quarter</type>
      </note>
      <backup>
        <duration>480</duration>
      </backup>
      <note>
        <pitch>
          <step>D</step>
          <octave>3</octave>
        </pitch>
        <duration>480</duration>
        <voice>2</voice>
        <type>whole</type>
      </note>
    </measure>
    <measure number="20">
      <direction placement="above">
        <direction-type>
          <words>m</words>
        </direction-type>
      </direction>
      <note>
        <pitch>
          <step>F</step>
          <alter>1</alter>
          <octave>4</octave>
        </pitch>
        <duration>240</duration>
        <voice>1</voice>
        <type>half</type>
      </note>
      <direction placement="above">
        <direction-type>
          <words>p</words>
        </direction-type>
      </direction>
      <note>
        <pitch>
          <step>D</step>
          <octave>4</octave>
        </pitch>
        <duration>120</duration>
        <voice>1</voice>
        <type>quarter</type>
      </note>
      <direction placement="above">
        <direction-type>
          <words>i</words>
        </direction-type>
      </direction>
      <note>
        <pitch>
          <step>F</step>
          <alter>1</alter>
          <octave>4</octave>
        </pitch>
        <duration>120</duration>
        <voice>1</voice>
        <type>quarter</type>
      </note>
      <backup>
        <duration>480</duration>
      </backup>
      <note>
        <pitch>
          <step>D</step>
          <octave>3</octave>
        </pitch>
        <duration>480</duration>
        <voice>2</voice>
        <type>whole</type>
      </note>
    </measure>
    <measure number="22">
      <direction placement="above">
        <direction-type>
          <words>m</words>
        </direction-type>
      </direction>
      <note>
        <pitch>
          <step>E</step>
          <octave>4</octave>
        </pitch>
        <duration>120</duration>
        <voice>1</voice>
        <type>quarter</type>
      </note>
      <direction placement="above">
        <direction-type>
          <words>i</words>
        </direction-type>
      </direction>
      <note>
        <pitch>
          <step>D</step>
          <octave>4</octave>
        </pitch>
        <duration>120</duration>
        <voice>1</voice>
        <type>quarter</type>
      </note>
      <direction placement="above">
        <direction-type>
          <words>p</words>
        </direction-type>
      </direction>
      <note>
        <pitch>
          <step>C</step>
          <alter>1</alter>
          <octave>4</octave>
        </pitch>
        <duration>120</duration>
        <voice>1</voice>
        <type>quarter</type>
      </note>
      <direction placement="above">
        <direction-type>
          <words>i</words>
        </direction-type>
      </direction>
      <note>
        <pitch>
          <step>B</step>
          <octave>3</octave>
        </pitch>
        <duration>120</duration>
        <voice>1</voice>
        <type>quarter</type>
      </note>
      <backup>
        <duration>480</duration>
      </backup>
      <note>
        <pitch>
          <step>A</step>
          <octave>2</octave>
        </pitch>
        <duration>480</duration>
        <voice>2</voice>
        <type>whole</type>
      </note>
    </measure>
    <measure number="24">
      <direction placement="above">
        <direction-type>
          <words>m</words>
        </direction-type>
      </direction>
      <note>
        <pitch>
          <step>C</step>
          <alter>1</alter>
          <octave>4</octave>
        </pitch>
        <duration>240</duration>
        <voice>1</voice>
        <type>half</type>
      </note>
      <direction placement="above">
        <direction-type>
          <words>p</words>
        </direction-type>
      </direction>
      <note>
        <pitch>
          <step>A</step>
          <octave>3</octave>
        </pitch>
        <duration>120</duration>
        <voice>1</voice>
        <type>quarter</type>
      </note>
      <direction placement="above">
        <direction-type>
          <words>i</words>
        </direction-type>
      </direction>
      <note>
        <pitch>
          <step>A</step>
          <octave>2</octave>
        </pitch>
        <duration>120</duration>
        <voice>1</voice>
        <type>quarter</type>
      </note>
      <backup>
        <duration>480</duration>
      </backup>
      <note>
        <pitch>
          <step>A</step>
          <octave>2</octave>
        </pitch>
        <duration>480</duration>
        <voice>2</voice>
        <type>whole</type>
      </note>
    </measure>
    <measure number="26">
      <print new-system="yes" />
      <direction placement="above">
        <direction-type>
          <words>m</words>
        </direction-type>
      </direction>
      <note>
        <pitch>
          <step>D</step>
          <octave>4</octave>
        </pitch>
        <duration>120</duration>
        <voice>1</voice>
        <type>quarter</type>
      </note>
      <direction placement="above">
        <direction-type>
          <words>i</words>
        </direction-type>
      </direction>
      <note>
        <pitch>
          <step>C</step>
          <alter>1</alter>
          <octave>4</octave>
        </pitch>
        <duration>120</duration>
        <voice>1</voice>
        <type>quarter</type>
      </note>
      <direction placement="above">
        <direction-type>
          <words>p</words>
        </direction-type>
      </direction>
      <note>
        <pitch>
          <step>D</step>
          <octave>4</octave>
        </pitch>
        <duration>120</duration>
        <voice>1</voice>
        <type>quarter</type>
      </note>
      <direction placement="above">
        <direction-type>
          <words>i</words>
        </direction-type>
      </direction>
      <note>
        <pitch>
          <step>E</step>
          <octave>4</octave>
        </pitch>
        <duration>120</duration>
        <voice>1</voice>
        <type>quarter</type>
      </note>
      <backup>
        <duration>480</duration>
      </backup>
      <note>
        <pitch>
          <step>D</step>
          <octave>3</octave>
        </pitch>
        <duration>480</duration>
        <voice>2</voice>
        <type>whole</type>
      </note>
    </measure>
    <measure number="28">
      <direction placement="above">
        <direction-type>
          <words>m</words>
        </direction-type>
      </direction>
      <note>
        <pitch>
          <step>F</step>
          <alter>1</alter>
          <octave>4</octave>
        </pitch>
        <duration>240</duration>
        <voice>1</voice>
        <type>half</type>
      </note>
      <direction placement="above">
        <direction-type>
          <words>p</words>
        </direction-type>
      </direction>
      <note>
        <pitch>
          <step>D</step>
          <octave>4</octave>
        </pitch>
        <duration>120</duration>
        <voice>1</voice>
        <type>quarter</type>
      </note>
      <direction placement="above">
        <direction-type>
          <words>i</words>
        </direction-type>
      </direction>
      <note>
        <pitch>
          <step>F</step>
          <alter>1</alter>
          <octave>4</octave>
        </pitch>
        <duration>120</duration>
        <voice>1</voice>
        <type>quarter</type>
      </note>
      <backup>
        <duration>480</duration>
      </backup>
      <note>
        <pitch>
          <step>D</step>
          <octave>3</octave>
        </pitch>
        <duration>480</duration>
        <voice>2</voice>
        <type>whole</type>
      </note>
    </measure>
    <measure number="30">
      <direction placement="above">
        <direction-type>
          <words>m</words>
        </direction-type>
      </direction>
      <note>
        <pitch>
          <step>E</step>
          <octave>4</octave>
        </pitch>
        <duration>120</duration>
        <voice>1</voice>
        <type>quarter</type>
      </note>
      <direction placement="above">
        <direction-type>
          <words>i</words>
        </direction-type>
      </direction>
      <note>
        <pitch>
          <step>D</step>
          <octave>4</octave>
        </pitch>
        <duration>120</duration>
        <voice>1</voice>
        <type>quarter</type>
      </note>
      <direction placement="above">
        <direction-type>
          <words>p</words>
        </direction-type>
      </direction>
      <note>
        <pitch>
          <step>C</step>
          <alter>1</alter>
          <octave>4</octave>
        </pitch>
        <duration>120</duration>
        <voice>1</voice>
        <type>quarter</type>
      </note>
      <direction placement="above">
        <direction-type>
          <words>i</words>
        </direction-type>
      </direction>
      <note>
        <pitch>
          <step>B</step>
          <octave>3</octave>
        </pitch>
        <duration>120</duration>
        <voice>1</voice>
        <type>quarter</type>
      </note>
      <backup>
        <duration>480</duration>
      </backup>
      <note>
        <pitch>
          <step>A</step>
          <octave>2</octave>
        </pitch>
        <duration>480</duration>
        <voice>2</voice>
        <type>whole</type>
      </note>
    </measure>
    <measure number="32">
      <direction placement="above">
        <direction-type>
          <words>m</words>
        </direction-type>
      </direction>
      <note>
        <pitch>
          <step>A</step>
          <octave>3</octave>
        </pitch>
        <duration>480</duration>
        <voice>1</voice>
        <type>whole</type>
      </note>
      <backup>
        <duration>480</duration>
      </backup>
      <note>
        <pitch>
          <step>A</step>
          <octave>2</octave>
        </pitch>
        <duration>480</duration>
        <voice>2</voice>
        <type>whole</type>
      </note>
      <barline location="right">
        <bar-style>light-heavy</bar-style>
      </barline>
    </measure>
  </part>
</score-partwise>
