<?xml version='1.0' encoding='utf-8'?>
<!DOCTYPE score-partwise PUBLIC "-//Recordare//DTD MusicXML 3.0 Partwise//EN" "http://www.musicxml.org/dtds/partwise.dtd">
<score-partwise>
  <work>
    <work-title>G3</work-title>
  </work>
  <identification>
    <encoding>
      <encoder>abc2xml version 236</encoder>
      <supports attribute="new-system" element="print" type="yes" value="yes" />
      <encoding-date>2022-10-29</encoding-date>
    </encoding>
  </identification>
  <part-list>
    <score-part id="P1">
      <part-name />
    </score-part>
  </part-list>
  <part id="P1">
    <measure number="1">
      <attributes>
        <divisions>120</divisions>
        <key>
          <fifths>0</fifths>
          <mode>major</mode>
        </key>
        <time>
          <beats>4</beats>
          <beat-type>4</beat-type>
        </time>
        <clef>
          <sign>G</sign>
          <line>2</line>
          <clef-octave-change>-1</clef-octave-change>
        </clef>
      </attributes>
      <note>
        <pitch>
          <step>G</step>
          <octave>3</octave>
        </pitch>
        <duration>120</duration>
        <voice>1</voice>
        <type>quarter</type>
      </note>
      <note>
        <pitch>
          <step>G</step>
          <octave>3</octave>
        </pitch>
        <duration>120</duration>
        <voice>1</voice>
        <type>quarter</type>
      </note>
      <note>
        <pitch>
          <step>G</step>
          <octave>3</octave>
        </pitch>
        <duration>120</duration>
        <voice>1</voice>
        <type>quarter</type>
      </note>
      <note>
        <pitch>
          <step>G</step>
          <octave>3</octave>
        </pitch>
        <duration>120</duration>
        <voice>1</voice>
        <type>quarter</type>
      </note>
      <barline location="right">
        <bar-style>light-heavy</bar-style>
      </barline>
    </measure>
  </part>
</score-partwise>
