<?xml version='1.0' encoding='utf-8'?>
<!DOCTYPE score-partwise PUBLIC "-//Recordare//DTD MusicXML 3.0 Partwise//EN" "http://www.musicxml.org/dtds/partwise.dtd">
<score-partwise>
  <work>
    <work-title>Greensleeves</work-title>
  </work>
  <identification>
    <creator type="composer">Anonymous</creator>
    <encoding>
      <encoder>abc2xml version 236</encoder>
      <supports attribute="new-system" element="print" type="yes" value="yes" />
      <encoding-date>2022-10-29</encoding-date>
    </encoding>
  </identification>
  <part-list>
    <score-part id="P1">
      <part-name />
    </score-part>
  </part-list>
  <part id="P1">
    <measure number="1">
      <attributes>
        <divisions>120</divisions>
        <key>
          <fifths>0</fifths>
          <mode>major</mode>
        </key>
        <time>
          <beats>3</beats>
          <beat-type>4</beat-type>
        </time>
        <clef>
          <sign>G</sign>
          <line>2</line>
          <clef-octave-change>-1</clef-octave-change>
        </clef>
      </attributes>
      <direction placement="above">
        <direction-type>
          <words>I</words>
        </direction-type>
      </direction>
      <note>
        <pitch>
          <step>A</step>
          <octave>3</octave>
        </pitch>
        <duration>120</duration>
        <voice>1</voice>
        <type>quarter</type>
      </note>
      <backup>
        <duration>120</duration>
      </backup>
      <note print-object="no">
        <rest />
        <duration>120</duration>
        <voice>2</voice>
        <type>quarter</type>
      </note>
    </measure>
    <measure number="3">
      <note>
        <pitch>
          <step>C</step>
          <octave>4</octave>
        </pitch>
        <duration>240</duration>
        <voice>1</voice>
        <type>half</type>
      </note>
      <note>
        <pitch>
          <step>D</step>
          <octave>4</octave>
        </pitch>
        <duration>120</duration>
        <voice>1</voice>
        <type>quarter</type>
      </note>
      <backup>
        <duration>360</duration>
      </backup>
      <note>
        <pitch>
          <step>A</step>
          <octave>2</octave>
        </pitch>
        <duration>360</duration>
        <voice>2</voice>
        <type>half</type>
        <dot />
      </note>
    </measure>
    <measure number="5">
      <note>
        <pitch>
          <step>E</step>
          <octave>4</octave>
        </pitch>
        <duration>180</duration>
        <voice>1</voice>
        <type>quarter</type>
        <dot />
      </note>
      <note>
        <pitch>
          <step>F</step>
          <octave>4</octave>
        </pitch>
        <duration>60</duration>
        <voice>1</voice>
        <type>eighth</type>
        </note>
      <note>
        <pitch>
          <step>E</step>
          <octave>4</octave>
        </pitch>
        <duration>120</duration>
        <voice>1</voice>
        <type>quarter</type>
      </note>
      <backup>
        <duration>360</duration>
      </backup>
      <note>
        <pitch>
          <step>C</step>
          <octave>3</octave>
        </pitch>
        <duration>360</duration>
        <voice>2</voice>
        <type>half</type>
        <dot />
      </note>
    </measure>
    <measure number="7">
      <note>
        <pitch>
          <step>D</step>
          <octave>4</octave>
        </pitch>
        <duration>240</duration>
        <voice>1</voice>
        <type>half</type>
      </note>
      <note>
        <pitch>
          <step>B</step>
          <octave>3</octave>
        </pitch>
        <duration>120</duration>
        <voice>1</voice>
        <type>quarter</type>
      </note>
      <backup>
        <duration>360</duration>
      </backup>
      <note>
        <pitch>
          <step>G</step>
          <octave>2</octave>
        </pitch>
        <duration>360</duration>
        <voice>2</voice>
        <type>half</type>
        <dot />
      </note>
    </measure>
    <measure number="9">
      <note>
        <pitch>
          <step>G</step>
          <octave>3</octave>
        </pitch>
        <duration>180</duration>
        <voice>1</voice>
        <type>quarter</type>
        <dot />
      </note>
      <note>
        <pitch>
          <step>A</step>
          <octave>3</octave>
        </pitch>
        <duration>60</duration>
        <voice>1</voice>
        <type>eighth</type>
        </note>
      <note>
        <pitch>
          <step>B</step>
          <octave>3</octave>
        </pitch>
        <duration>120</duration>
        <voice>1</voice>
        <type>quarter</type>
      </note>
      <backup>
        <duration>360</duration>
      </backup>
      <note>
        <pitch>
          <step>B</step>
          <octave>2</octave>
        </pitch>
        <duration>360</duration>
        <voice>2</voice>
        <type>half</type>
        <dot />
      </note>
    </measure>
    <measure number="11">
      <note>
        <pitch>
          <step>C</step>
          <octave>4</octave>
        </pitch>
        <duration>240</duration>
        <voice>1</voice>
        <type>half</type>
      </note>
      <note>
        <pitch>
          <step>A</step>
          <octave>3</octave>
        </pitch>
        <duration>120</duration>
        <voice>1</voice>
        <type>quarter</type>
      </note>
      <backup>
        <duration>360</duration>
      </backup>
      <note>
        <pitch>
          <step>A</step>
          <octave>2</octave>
        </pitch>
        <duration>360</duration>
        <voice>2</voice>
        <type>half</type>
        <dot />
      </note>
    </measure>
    <measure number="13">
      <note>
        <pitch>
          <step>A</step>
          <octave>3</octave>
        </pitch>
        <duration>180</duration>
        <voice>1</voice>
        <type>quarter</type>
        <dot />
      </note>
      <note>
        <pitch>
          <step>G</step>
          <alter>1</alter>
          <octave>3</octave>
        </pitch>
        <duration>60</duration>
        <voice>1</voice>
        <type>eighth</type>
        <accidental>sharp</accidental>
        </note>
      <note>
        <pitch>
          <step>A</step>
          <octave>3</octave>
        </pitch>
        <duration>120</duration>
        <voice>1</voice>
        <type>quarter</type>
      </note>
      <backup>
        <duration>360</duration>
      </backup>
      <note>
        <pitch>
          <step>D</step>
          <octave>3</octave>
        </pitch>
        <duration>360</duration>
        <voice>2</voice>
        <type>half</type>
        <dot />
      </note>
    </measure>
    <measure number="15">
      <note>
        <pitch>
          <step>B</step>
          <octave>3</octave>
        </pitch>
        <duration>240</duration>
        <voice>1</voice>
        <type>half</type>
      </note>
      <note>
        <pitch>
          <step>G</step>
          <alter>1</alter>
          <octave>3</octave>
        </pitch>
        <duration>120</duration>
        <voice>1</voice>
        <type>quarter</type>
        <accidental>sharp</accidental>
      </note>
      <backup>
        <duration>360</duration>
      </backup>
      <note>
        <pitch>
          <step>E</step>
          <octave>3</octave>
        </pitch>
        <duration>360</duration>
        <voice>2</voice>
        <type>half</type>
        <dot />
      </note>
    </measure>
    <measure number="17">
      <print new-system="yes" />
      <note>
        <pitch>
          <step>E</step>
          <octave>3</octave>
        </pitch>
        <duration>240</duration>
        <voice>1</voice>
        <type>half</type>
      </note>
      <note>
        <pitch>
          <step>A</step>
          <octave>3</octave>
        </pitch>
        <duration>120</duration>
        <voice>1</voice>
        <type>quarter</type>
      </note>
      <backup>
        <duration>360</duration>
      </backup>
      <note>
        <pitch>
          <step>E</step>
          <octave>2</octave>
        </pitch>
        <duration>360</duration>
        <voice>2</voice>
        <type>half</type>
        <dot />
      </note>
    </measure>
    <measure number="19">
      <note>
        <pitch>
          <step>C</step>
          <octave>4</octave>
        </pitch>
        <duration>240</duration>
        <voice>1</voice>
        <type>half</type>
      </note>
      <note>
        <pitch>
          <step>D</step>
          <octave>4</octave>
        </pitch>
        <duration>120</duration>
        <voice>1</voice>
        <type>quarter</type>
      </note>
      <backup>
        <duration>360</duration>
      </backup>
      <note>
        <pitch>
          <step>A</step>
          <octave>2</octave>
        </pitch>
        <duration>360</duration>
        <voice>2</voice>
        <type>half</type>
        <dot />
      </note>
    </measure>
    <measure number="21">
      <note>
        <pitch>
          <step>E</step>
          <octave>4</octave>
        </pitch>
        <duration>180</duration>
        <voice>1</voice>
        <type>quarter</type>
        <dot />
      </note>
      <note>
        <pitch>
          <step>F</step>
          <octave>4</octave>
        </pitch>
        <duration>60</duration>
        <voice>1</voice>
        <type>eighth</type>
        </note>
      <note>
        <pitch>
          <step>E</step>
          <octave>4</octave>
        </pitch>
        <duration>120</duration>
        <voice>1</voice>
        <type>quarter</type>
      </note>
      <backup>
        <duration>360</duration>
      </backup>
      <note>
        <pitch>
          <step>C</step>
          <octave>3</octave>
        </pitch>
        <duration>360</duration>
        <voice>2</voice>
        <type>half</type>
        <dot />
      </note>
    </measure>
    <measure number="23">
      <note>
        <pitch>
          <step>D</step>
          <octave>4</octave>
        </pitch>
        <duration>240</duration>
        <voice>1</voice>
        <type>half</type>
      </note>
      <note>
        <pitch>
          <step>B</step>
          <octave>3</octave>
        </pitch>
        <duration>120</duration>
        <voice>1</voice>
        <type>quarter</type>
      </note>
      <backup>
        <duration>360</duration>
      </backup>
      <note>
        <pitch>
          <step>G</step>
          <octave>2</octave>
        </pitch>
        <duration>360</duration>
        <voice>2</voice>
        <type>half</type>
        <dot />
      </note>
    </measure>
    <measure number="25">
      <note>
        <pitch>
          <step>G</step>
          <octave>3</octave>
        </pitch>
        <duration>180</duration>
        <voice>1</voice>
        <type>quarter</type>
        <dot />
      </note>
      <note>
        <pitch>
          <step>A</step>
          <octave>3</octave>
        </pitch>
        <duration>60</duration>
        <voice>1</voice>
        <type>eighth</type>
        </note>
      <note>
        <pitch>
          <step>B</step>
          <octave>3</octave>
        </pitch>
        <duration>120</duration>
        <voice>1</voice>
        <type>quarter</type>
      </note>
      <backup>
        <duration>360</duration>
      </backup>
      <note>
        <pitch>
          <step>B</step>
          <octave>2</octave>
        </pitch>
        <duration>360</duration>
        <voice>2</voice>
        <type>half</type>
        <dot />
      </note>
    </measure>
    <measure number="27">
      <note>
        <pitch>
          <step>C</step>
          <octave>4</octave>
        </pitch>
        <duration>180</duration>
        <voice>1</voice>
        <type>quarter</type>
        <dot />
      </note>
      <note>
        <pitch>
          <step>B</step>
          <octave>3</octave>
        </pitch>
        <duration>60</duration>
        <voice>1</voice>
        <type>eighth</type>
        </note>
      <note>
        <pitch>
          <step>A</step>
          <octave>3</octave>
        </pitch>
        <duration>120</duration>
        <voice>1</voice>
        <type>quarter</type>
      </note>
      <backup>
        <duration>360</duration>
      </backup>
      <note>
        <pitch>
          <step>A</step>
          <octave>2</octave>
        </pitch>
        <duration>360</duration>
        <voice>2</voice>
        <type>half</type>
        <dot />
      </note>
    </measure>
    <measure number="29">
      <note>
        <pitch>
          <step>G</step>
          <alter>1</alter>
          <octave>3</octave>
        </pitch>
        <duration>180</duration>
        <voice>1</voice>
        <type>quarter</type>
        <dot />
        <accidental>sharp</accidental>
      </note>
      <note>
        <pitch>
          <step>F</step>
          <alter>1</alter>
          <octave>3</octave>
        </pitch>
        <duration>60</duration>
        <voice>1</voice>
        <type>eighth</type>
        <accidental>sharp</accidental>
        </note>
      <note>
        <pitch>
          <step>G</step>
          <alter>1</alter>
          <octave>3</octave>
        </pitch>
        <duration>120</duration>
        <voice>1</voice>
        <type>quarter</type>
      </note>
      <backup>
        <duration>360</duration>
      </backup>
      <note>
        <pitch>
          <step>E</step>
          <octave>2</octave>
        </pitch>
        <duration>360</duration>
        <voice>2</voice>
        <type>half</type>
        <dot />
      </note>
    </measure>
    <measure number="31">
      <note>
        <pitch>
          <step>A</step>
          <octave>3</octave>
        </pitch>
        <duration>360</duration>
        <voice>1</voice>
        <type>half</type>
        <dot />
      </note>
      <backup>
        <duration>360</duration>
      </backup>
      <note>
        <pitch>
          <step>A</step>
          <octave>2</octave>
        </pitch>
        <duration>360</duration>
        <voice>2</voice>
        <type>half</type>
        <dot />
      </note>
    </measure>
    <measure number="33">
      <print new-system="yes" />
      <note>
        <pitch>
          <step>A</step>
          <octave>3</octave>
        </pitch>
        <duration>360</duration>
        <voice>1</voice>
        <type>half</type>
        <dot />
      </note>
      <backup>
        <duration>360</duration>
      </backup>
      <note>
        <pitch>
          <step>A</step>
          <octave>2</octave>
        </pitch>
        <duration>360</duration>
        <voice>2</voice>
        <type>half</type>
        <dot />
      </note>
    </measure>
    <measure number="35">
      <note>
        <pitch>
          <step>G</step>
          <octave>4</octave>
        </pitch>
        <duration>360</duration>
        <voice>1</voice>
        <type>half</type>
        <dot />
      </note>
      <backup>
        <duration>360</duration>
      </backup>
      <note>
        <pitch>
          <step>C</step>
          <octave>2</octave>
        </pitch>
        <duration>360</duration>
        <voice>2</voice>
        <type>half</type>
        <dot />
      </note>
    </measure>
    <measure number="37">
      <note>
        <pitch>
          <step>G</step>
          <octave>4</octave>
        </pitch>
        <duration>180</duration>
        <voice>1</voice>
        <type>quarter</type>
        <dot />
      </note>
      <note>
        <pitch>
          <step>F</step>
          <octave>4</octave>
        </pitch>
        <duration>60</duration>
        <voice>1</voice>
        <type>eighth</type>
        </note>
      <note>
        <pitch>
          <step>E</step>
          <octave>4</octave>
        </pitch>
        <duration>120</duration>
        <voice>1</voice>
        <type>quarter</type>
      </note>
      <backup>
        <duration>360</duration>
      </backup>
      <note>
        <pitch>
          <step>C</step>
          <octave>2</octave>
        </pitch>
        <duration>360</duration>
        <voice>2</voice>
        <type>half</type>
        <dot />
      </note>
    </measure>
    <measure number="39">
      <note>
        <pitch>
          <step>D</step>
          <octave>4</octave>
        </pitch>
        <duration>240</duration>
        <voice>1</voice>
        <type>half</type>
      </note>
      <note>
        <pitch>
          <step>B</step>
          <octave>3</octave>
        </pitch>
        <duration>120</duration>
        <voice>1</voice>
        <type>quarter</type>
      </note>
      <backup>
        <duration>360</duration>
      </backup>
      <note>
        <pitch>
          <step>G</step>
          <octave>2</octave>
        </pitch>
        <duration>360</duration>
        <voice>2</voice>
        <type>half</type>
        <dot />
      </note>
    </measure>
    <measure number="41">
      <note>
        <pitch>
          <step>G</step>
          <octave>3</octave>
        </pitch>
        <duration>180</duration>
        <voice>1</voice>
        <type>quarter</type>
        <dot />
      </note>
      <note>
        <pitch>
          <step>A</step>
          <octave>3</octave>
        </pitch>
        <duration>60</duration>
        <voice>1</voice>
        <type>eighth</type>
        </note>
      <note>
        <pitch>
          <step>B</step>
          <octave>3</octave>
        </pitch>
        <duration>120</duration>
        <voice>1</voice>
        <type>quarter</type>
      </note>
      <backup>
        <duration>360</duration>
      </backup>
      <note>
        <pitch>
          <step>B</step>
          <octave>2</octave>
        </pitch>
        <duration>360</duration>
        <voice>2</voice>
        <type>half</type>
        <dot />
      </note>
    </measure>
    <measure number="43">
      <note>
        <pitch>
          <step>C</step>
          <octave>4</octave>
        </pitch>
        <duration>240</duration>
        <voice>1</voice>
        <type>half</type>
      </note>
      <note>
        <pitch>
          <step>A</step>
          <octave>3</octave>
        </pitch>
        <duration>120</duration>
        <voice>1</voice>
        <type>quarter</type>
      </note>
      <backup>
        <duration>360</duration>
      </backup>
      <note>
        <pitch>
          <step>A</step>
          <octave>2</octave>
        </pitch>
        <duration>360</duration>
        <voice>2</voice>
        <type>half</type>
        <dot />
      </note>
    </measure>
    <measure number="45">
      <note>
        <pitch>
          <step>A</step>
          <octave>3</octave>
        </pitch>
        <duration>180</duration>
        <voice>1</voice>
        <type>quarter</type>
        <dot />
      </note>
      <note>
        <pitch>
          <step>G</step>
          <alter>1</alter>
          <octave>3</octave>
        </pitch>
        <duration>60</duration>
        <voice>1</voice>
        <type>eighth</type>
        <accidental>sharp</accidental>
        </note>
      <note>
        <pitch>
          <step>A</step>
          <octave>3</octave>
        </pitch>
        <duration>120</duration>
        <voice>1</voice>
        <type>quarter</type>
      </note>
      <backup>
        <duration>360</duration>
      </backup>
      <note>
        <pitch>
          <step>D</step>
          <octave>3</octave>
        </pitch>
        <duration>360</duration>
        <voice>2</voice>
        <type>half</type>
        <dot />
      </note>
    </measure>
    <measure number="47">
      <note>
        <pitch>
          <step>B</step>
          <octave>3</octave>
        </pitch>
        <duration>240</duration>
        <voice>1</voice>
        <type>half</type>
      </note>
      <note>
        <pitch>
          <step>G</step>
          <alter>1</alter>
          <octave>3</octave>
        </pitch>
        <duration>120</duration>
        <voice>1</voice>
        <type>quarter</type>
        <accidental>sharp</accidental>
      </note>
      <backup>
        <duration>360</duration>
      </backup>
      <note>
        <pitch>
          <step>E</step>
          <octave>3</octave>
        </pitch>
        <duration>360</duration>
        <voice>2</voice>
        <type>half</type>
        <dot />
      </note>
    </measure>
    <measure number="49">
      <note>
        <pitch>
          <step>E</step>
          <octave>3</octave>
        </pitch>
        <duration>360</duration>
        <voice>1</voice>
        <type>half</type>
        <dot />
      </note>
      <backup>
        <duration>360</duration>
      </backup>
      <note>
        <pitch>
          <step>E</step>
          <octave>2</octave>
        </pitch>
        <duration>360</duration>
        <voice>2</voice>
        <type>half</type>
        <dot />
      </note>
    </measure>
    <measure number="51">
      <print new-system="yes" />
      <note>
        <pitch>
          <step>G</step>
          <octave>4</octave>
        </pitch>
        <duration>360</duration>
        <voice>1</voice>
        <type>half</type>
        <dot />
      </note>
      <backup>
        <duration>360</duration>
      </backup>
      <note>
        <pitch>
          <step>C</step>
          <octave>2</octave>
        </pitch>
        <duration>360</duration>
        <voice>2</voice>
        <type>half</type>
        <dot />
      </note>
    </measure>
    <measure number="53">
      <note>
        <pitch>
          <step>G</step>
          <octave>4</octave>
        </pitch>
        <duration>180</duration>
        <voice>1</voice>
        <type>quarter</type>
        <dot />
      </note>
      <note>
        <pitch>
          <step>F</step>
          <octave>4</octave>
        </pitch>
        <duration>60</duration>
        <voice>1</voice>
        <type>eighth</type>
        </note>
      <note>
        <pitch>
          <step>E</step>
          <octave>4</octave>
        </pitch>
        <duration>120</duration>
        <voice>1</voice>
        <type>quarter</type>
      </note>
      <backup>
        <duration>360</duration>
      </backup>
      <note>
        <pitch>
          <step>C</step>
          <octave>2</octave>
        </pitch>
        <duration>360</duration>
        <voice>2</voice>
        <type>half</type>
        <dot />
      </note>
    </measure>
    <measure number="55">
      <note>
        <pitch>
          <step>D</step>
          <octave>4</octave>
        </pitch>
        <duration>240</duration>
        <voice>1</voice>
        <type>half</type>
      </note>
      <note>
        <pitch>
          <step>B</step>
          <octave>3</octave>
        </pitch>
        <duration>120</duration>
        <voice>1</voice>
        <type>quarter</type>
      </note>
      <backup>
        <duration>360</duration>
      </backup>
      <note>
        <pitch>
          <step>G</step>
          <octave>2</octave>
        </pitch>
        <duration>360</duration>
        <voice>2</voice>
        <type>half</type>
        <dot />
      </note>
    </measure>
    <measure number="57">
      <note>
        <pitch>
          <step>G</step>
          <octave>3</octave>
        </pitch>
        <duration>180</duration>
        <voice>1</voice>
        <type>quarter</type>
        <dot />
      </note>
      <note>
        <pitch>
          <step>A</step>
          <octave>3</octave>
        </pitch>
        <duration>60</duration>
        <voice>1</voice>
        <type>eighth</type>
        </note>
      <note>
        <pitch>
          <step>B</step>
          <octave>3</octave>
        </pitch>
        <duration>120</duration>
        <voice>1</voice>
        <type>quarter</type>
      </note>
      <backup>
        <duration>360</duration>
      </backup>
      <note>
        <pitch>
          <step>B</step>
          <octave>2</octave>
        </pitch>
        <duration>360</duration>
        <voice>2</voice>
        <type>half</type>
        <dot />
      </note>
    </measure>
    <measure number="59">
      <note>
        <pitch>
          <step>C</step>
          <octave>4</octave>
        </pitch>
        <duration>180</duration>
        <voice>1</voice>
        <type>quarter</type>
        <dot />
      </note>
      <note>
        <pitch>
          <step>B</step>
          <octave>3</octave>
        </pitch>
        <duration>60</duration>
        <voice>1</voice>
        <type>eighth</type>
        </note>
      <note>
        <pitch>
          <step>A</step>
          <octave>3</octave>
        </pitch>
        <duration>120</duration>
        <voice>1</voice>
        <type>quarter</type>
      </note>
      <backup>
        <duration>360</duration>
      </backup>
      <note>
        <pitch>
          <step>A</step>
          <octave>2</octave>
        </pitch>
        <duration>360</duration>
        <voice>2</voice>
        <type>half</type>
        <dot />
      </note>
    </measure>
    <measure number="61">
      <note>
        <pitch>
          <step>G</step>
          <alter>1</alter>
          <octave>3</octave>
        </pitch>
        <duration>180</duration>
        <voice>1</voice>
        <type>quarter</type>
        <dot />
        <accidental>sharp</accidental>
      </note>
      <note>
        <pitch>
          <step>F</step>
          <alter>1</alter>
          <octave>3</octave>
        </pitch>
        <duration>60</duration>
        <voice>1</voice>
        <type>eighth</type>
        <accidental>sharp</accidental>
        </note>
      <note>
        <pitch>
          <step>G</step>
          <alter>1</alter>
          <octave>3</octave>
        </pitch>
        <duration>120</duration>
        <voice>1</voice>
        <type>quarter</type>
      </note>
      <backup>
        <duration>360</duration>
      </backup>
      <note>
        <pitch>
          <step>E</step>
          <octave>2</octave>
        </pitch>
        <duration>360</duration>
        <voice>2</voice>
        <type>half</type>
        <dot />
      </note>
    </measure>
    <measure number="63">
      <note>
        <pitch>
          <step>A</step>
          <octave>3</octave>
        </pitch>
        <duration>360</duration>
        <voice>1</voice>
        <type>half</type>
        <dot />
      </note>
      <backup>
        <duration>360</duration>
      </backup>
      <note>
        <pitch>
          <step>A</step>
          <octave>2</octave>
        </pitch>
        <duration>360</duration>
        <voice>2</voice>
        <type>half</type>
        <dot />
      </note>
    </measure>
    <measure number="65">
      <note>
        <pitch>
          <step>A</step>
          <octave>3</octave>
        </pitch>
        <duration>360</duration>
        <voice>1</voice>
        <type>half</type>
        <dot />
      </note>
      <backup>
        <duration>360</duration>
      </backup>
      <note>
        <pitch>
          <step>A</step>
          <octave>2</octave>
        </pitch>
        <duration>360</duration>
        <voice>2</voice>
        <type>half</type>
        <dot />
      </note>
      <barline location="right">
        <bar-style>light-heavy</bar-style>
      </barline>
    </measure>
  </part>
</score-partwise>
