<?xml version="1.0" encoding="UTF-8" standalone="no"?>
<!DOCTYPE score-partwise PUBLIC
"-//Recordare//DTD MusicXML 3.0 Partwise//EN"
 "http://www.musicxml.org/dtds/partwise.dtd">
<!-- Generated by ReadScoreLib (C) Organum Ltd and Dolphin Computing -->
<!-- This file is licensed for non-commercial use only -->
<!-- for ReadScoreLib licensing please contact support@playscore.co -->
<score-partwise version="3.0">
<identification>
<encoding>
<software>PlayScore 2</software>
<software>ReadScoreLib (© Organum Consulting and Dolphin Computing Ltd) Version 4.339</software>
<encoding-date>2022-03-23</encoding-date>
</encoding>
</identification>
<part-list>
 <score-part id="P1">
  <part-name print-object="no">Part 1</part-name>
 </score-part>
</part-list>
<part id="P1">
<measure number="1">
<attributes>
  <divisions>4</divisions>
  <time>
    <beats>2</beats>
    <beat-type>4</beat-type>
  </time>
  <staves>1</staves>
<clef number="1">
    <sign>G</sign>
    <line>2</line>
    <clef-octave-change>-1</clef-octave-change>
  </clef>
</attributes>
<attributes>
  <key>
    <fifths>0</fifths>
  </key>
</attributes>
<note>
  <pitch>
    <step>G</step>
    <alter>0</alter>
    <octave>3</octave>
  </pitch>
  <duration>1</duration>
  <voice>2</voice>
  <type>16th</type>
  <stem>up</stem>
  <beam number="1">begin</beam>
  <beam number="2">begin</beam>
</note>
<note>
  <pitch>
    <step>G</step>
    <alter>0</alter>
    <octave>3</octave>
  </pitch>
  <duration>1</duration>
  <voice>2</voice>
  <type>16th</type>
  <stem>up</stem>
  <beam number="1">end</beam>
  <beam number="2">end</beam>
</note>
</measure>
<measure number="2">
<note>
  <pitch>
    <step>C</step>
    <alter>0</alter>
    <octave>3</octave>
  </pitch>
  <duration>4</duration>
  <voice>2</voice>
  <type>quarter</type>
  <stem>down</stem>
</note>
<note>
  <chord/>
  <pitch>
    <step>E</step>
    <alter>0</alter>
    <octave>3</octave>
  </pitch>
  <duration>4</duration>
  <voice>2</voice>
  <type>quarter</type>
  <stem>down</stem>
</note>
<note>
  <chord/>
  <pitch>
    <step>G</step>
    <alter>0</alter>
    <octave>3</octave>
  </pitch>
  <duration>4</duration>
  <voice>2</voice>
  <type>quarter</type>
  <stem>down</stem>
</note>
<note>
  <pitch>
    <step>A</step>
    <alter>0</alter>
    <octave>2</octave>
  </pitch>
  <duration>4</duration>
  <voice>2</voice>
  <type>quarter</type>
  <stem>down</stem>
</note>
<backup><duration>8</duration></backup>
<note>
  <pitch>
    <step>C</step>
    <alter>0</alter>
    <octave>4</octave>
  </pitch>
  <duration>2</duration>
  <voice>1</voice>
  <type>eighth</type>
  <stem>up</stem>
  <beam number="1">begin</beam>
</note>
<note>
  <pitch>
    <step>C</step>
    <alter>0</alter>
    <octave>4</octave>
  </pitch>
  <duration>1</duration>
  <voice>1</voice>
  <type>16th</type>
  <stem>up</stem>
  <beam number="1">continue</beam>
  <beam number="2">begin</beam>
</note>
<note>
  <pitch>
    <step>D</step>
    <alter>0</alter>
    <octave>4</octave>
  </pitch>
  <duration>1</duration>
  <voice>1</voice>
  <type>16th</type>
  <stem>up</stem>
  <beam number="1">end</beam>
  <beam number="2">end</beam>
<notations><technical><fingering>4</fingering> </technical> </notations></note>
<note>
  <pitch>
    <step>E</step>
    <alter>0</alter>
    <octave>4</octave>
  </pitch>
  <duration>1</duration>
  <voice>1</voice>
  <type>16th</type>
  <stem>up</stem>
  <beam number="1">begin</beam>
  <beam number="2">begin</beam>
<notations><technical><fingering>0</fingering> </technical> </notations></note>
<note>
  <pitch>
    <step>C</step>
    <alter>0</alter>
    <octave>4</octave>
  </pitch>
  <duration>1</duration>
  <voice>1</voice>
  <type>16th</type>
  <stem>up</stem>
  <beam number="1">continue</beam>
  <beam number="2">continue</beam>
</note>
<note>
  <pitch>
    <step>E</step>
    <alter>0</alter>
    <octave>4</octave>
  </pitch>
  <duration>1</duration>
  <voice>1</voice>
  <type>16th</type>
  <stem>up</stem>
  <beam number="1">continue</beam>
  <beam number="2">continue</beam>
</note>
<note>
  <pitch>
    <step>F</step>
    <alter>0</alter>
    <octave>4</octave>
  </pitch>
  <duration>1</duration>
  <voice>1</voice>
  <type>16th</type>
  <stem>up</stem>
  <beam number="1">end</beam>
  <beam number="2">end</beam>
<notations><technical><fingering>1</fingering> </technical> </notations></note>
</measure>
<measure number="3">
<note>
  <pitch>
    <step>E</step>
    <alter>0</alter>
    <octave>2</octave>
  </pitch>
  <duration>4</duration>
  <voice>2</voice>
  <type>quarter</type>
  <stem>down</stem>
<notations><technical><fingering>0</fingering> </technical> </notations></note>
<note>
  <chord/>
  <pitch>
    <step>G</step>
    <alter>0</alter>
    <octave>3</octave>
  </pitch>
  <duration>4</duration>
  <voice>2</voice>
  <type>quarter</type>
  <stem>down</stem>
</note>
<note>
  <chord/>
  <pitch>
    <step>B</step>
    <alter>0</alter>
    <octave>3</octave>
  </pitch>
  <duration>4</duration>
  <voice>2</voice>
  <type>quarter</type>
  <stem>down</stem>
</note>
<note>
  <pitch>
    <step>A</step>
    <alter>0</alter>
    <octave>2</octave>
  </pitch>
  <duration>4</duration>
  <voice>2</voice>
  <type>quarter</type>
  <stem>down</stem>
</note>
<backup><duration>8</duration></backup>
<note>
  <pitch>
    <step>G</step>
    <alter>0</alter>
    <octave>4</octave>
  </pitch>
  <duration>2</duration>
  <voice>1</voice>
  <type>eighth</type>
  <stem>up</stem>
  <beam number="1">begin</beam>
<notations><technical><fingering>4</fingering> </technical> </notations></note>
<note>
  <pitch>
    <step>G</step>
    <alter>0</alter>
    <octave>4</octave>
  </pitch>
  <duration>1</duration>
  <voice>1</voice>
  <type>16th</type>
  <stem>up</stem>
  <beam number="1">continue</beam>
  <beam number="2">begin</beam>
</note>
<note>
  <pitch>
    <step>F</step>
    <alter>0</alter>
    <octave>4</octave>
  </pitch>
  <duration>1</duration>
  <voice>1</voice>
  <type>16th</type>
  <stem>up</stem>
  <beam number="1">end</beam>
  <beam number="2">end</beam>
</note>
<note>
  <pitch>
    <step>E</step>
    <alter>0</alter>
    <octave>4</octave>
  </pitch>
  <duration>2</duration>
  <voice>1</voice>
  <type>eighth</type>
  <stem>up</stem>
  <beam number="1">begin</beam>
</note>
<note>
  <pitch>
    <step>D</step>
    <alter>0</alter>
    <octave>4</octave>
  </pitch>
  <duration>1</duration>
  <voice>1</voice>
  <type>16th</type>
  <stem>up</stem>
  <beam number="1">continue</beam>
  <beam number="2">begin</beam>
<notations><technical><fingering>4</fingering> </technical> </notations></note>
<note>
  <pitch>
    <step>C</step>
    <alter>0</alter>
    <octave>4</octave>
  </pitch>
  <duration>1</duration>
  <voice>1</voice>
  <type>16th</type>
  <stem>up</stem>
  <beam number="1">end</beam>
  <beam number="2">end</beam>
</note>
</measure>
<measure number="4">
<note>
  <pitch>
    <step>D</step>
    <alter>0</alter>
    <octave>3</octave>
  </pitch>
  <duration>4</duration>
  <voice>2</voice>
  <type>quarter</type>
  <stem>down</stem>
</note>
<note>
  <chord/>
  <pitch>
    <step>A</step>
    <alter>0</alter>
    <octave>3</octave>
  </pitch>
  <duration>4</duration>
  <voice>2</voice>
  <type>quarter</type>
  <stem>down</stem>
</note>
<note>
  <pitch>
    <step>D</step>
    <alter>0</alter>
    <octave>3</octave>
  </pitch>
  <duration>4</duration>
  <voice>2</voice>
  <type>quarter</type>
  <stem>down</stem>
</note>
<backup><duration>8</duration></backup>
<note>
  <pitch>
    <step>D</step>
    <alter>0</alter>
    <octave>4</octave>
  </pitch>
  <duration>2</duration>
  <voice>1</voice>
  <type>eighth</type>
  <stem>up</stem>
  <beam number="1">begin</beam>
</note>
<note>
  <pitch>
    <step>D</step>
    <alter>0</alter>
    <octave>4</octave>
  </pitch>
  <duration>2</duration>
  <voice>1</voice>
  <type>eighth</type>
  <stem>up</stem>
  <beam number="1">end</beam>
</note>
<note>
  <pitch>
    <step>D</step>
    <alter>0</alter>
    <octave>4</octave>
  </pitch>
  <duration>2</duration>
  <voice>1</voice>
  <type>eighth</type>
  <stem>up</stem>
  <beam number="1">begin</beam>
</note>
<note>
  <pitch>
    <step>D</step>
    <alter>0</alter>
    <octave>4</octave>
  </pitch>
  <duration>2</duration>
  <voice>1</voice>
  <type>eighth</type>
  <stem>up</stem>
  <beam number="1">end</beam>
</note>
</measure>
<measure number="5">
<note>
  <pitch>
    <step>G</step>
    <alter>0</alter>
    <octave>2</octave>
  </pitch>
  <duration>4</duration>
  <voice>2</voice>
  <type>quarter</type>
  <stem>down</stem>
</note>
<note>
  <chord/>
  <pitch>
    <step>G</step>
    <alter>0</alter>
    <octave>3</octave>
  </pitch>
  <duration>4</duration>
  <voice>2</voice>
  <type>quarter</type>
  <stem>down</stem>
</note>
<note>
  <pitch>
    <step>B</step>
    <alter>0</alter>
    <octave>2</octave>
  </pitch>
  <duration>4</duration>
  <voice>2</voice>
  <type>quarter</type>
  <stem>down</stem>
</note>
<backup><duration>8</duration></backup>
<note>
  <pitch>
    <step>D</step>
    <alter>0</alter>
    <octave>4</octave>
  </pitch>
  <duration>1</duration>
  <voice>1</voice>
  <type>16th</type>
  <stem>up</stem>
  <beam number="1">begin</beam>
  <beam number="2">begin</beam>
<notations><technical><fingering>4</fingering> </technical> </notations></note>
<note>
  <pitch>
    <step>E</step>
    <alter>0</alter>
    <octave>4</octave>
  </pitch>
  <duration>1</duration>
  <voice>1</voice>
  <type>16th</type>
  <stem>up</stem>
  <beam number="1">continue</beam>
  <beam number="2">continue</beam>
</note>
<note>
  <pitch>
    <step>D</step>
    <alter>0</alter>
    <octave>4</octave>
  </pitch>
  <duration>1</duration>
  <voice>1</voice>
  <type>16th</type>
  <stem>up</stem>
  <beam number="1">continue</beam>
  <beam number="2">continue</beam>
</note>
<note>
  <pitch>
    <step>B</step>
    <alter>0</alter>
    <octave>3</octave>
  </pitch>
  <duration>1</duration>
  <voice>1</voice>
  <type>16th</type>
  <stem>up</stem>
  <beam number="1">end</beam>
  <beam number="2">end</beam>
</note>
<note>
  <pitch>
    <step>G</step>
    <alter>0</alter>
    <octave>3</octave>
  </pitch>
  <duration>2</duration>
  <voice>1</voice>
  <type>eighth</type>
  <stem>up</stem>
  <beam number="1">begin</beam>
</note>
<note>
  <pitch>
    <step>G</step>
    <alter>0</alter>
    <octave>3</octave>
  </pitch>
  <duration>2</duration>
  <voice>1</voice>
  <type>eighth</type>
  <stem>up</stem>
  <beam number="1">end</beam>
</note>
</measure>
<measure number="6">
<note>
  <pitch>
    <step>C</step>
    <alter>0</alter>
    <octave>3</octave>
  </pitch>
  <duration>4</duration>
  <voice>2</voice>
  <type>quarter</type>
  <stem>down</stem>
</note>
<note>
  <chord/>
  <pitch>
    <step>E</step>
    <alter>0</alter>
    <octave>3</octave>
  </pitch>
  <duration>4</duration>
  <voice>2</voice>
  <type>quarter</type>
  <stem>down</stem>
</note>
<note>
  <chord/>
  <pitch>
    <step>G</step>
    <alter>0</alter>
    <octave>3</octave>
  </pitch>
  <duration>4</duration>
  <voice>2</voice>
  <type>quarter</type>
  <stem>down</stem>
</note>
<note>
  <pitch>
    <step>C</step>
    <alter>0</alter>
    <octave>3</octave>
  </pitch>
  <duration>2</duration>
  <voice>2</voice>
  <type>eighth</type>
  <stem>down</stem>
  <beam number="1">begin</beam>
</note>
<note>
  <pitch>
    <step>G</step>
    <alter>0</alter>
    <octave>2</octave>
  </pitch>
  <duration>2</duration>
  <voice>2</voice>
  <type>eighth</type>
  <stem>down</stem>
  <beam number="1">end</beam>
</note>
<backup><duration>8</duration></backup>
<note>
  <pitch>
    <step>C</step>
    <alter>0</alter>
    <octave>4</octave>
  </pitch>
  <duration>1</duration>
  <voice>1</voice>
  <type>16th</type>
  <stem>up</stem>
  <beam number="1">begin</beam>
  <beam number="2">begin</beam>
<notations><technical><fingering>1</fingering> </technical> </notations></note>
<note>
  <pitch>
    <step>B</step>
    <alter>0</alter>
    <octave>3</octave>
  </pitch>
  <duration>1</duration>
  <voice>1</voice>
  <type>16th</type>
  <stem>up</stem>
  <beam number="1">continue</beam>
  <beam number="2">continue</beam>
</note>
<note>
  <pitch>
    <step>C</step>
    <alter>0</alter>
    <octave>4</octave>
  </pitch>
  <duration>1</duration>
  <voice>1</voice>
  <type>16th</type>
  <stem>up</stem>
  <beam number="1">continue</beam>
  <beam number="2">continue</beam>
</note>
<note>
  <pitch>
    <step>D</step>
    <alter>0</alter>
    <octave>4</octave>
  </pitch>
  <duration>1</duration>
  <voice>1</voice>
  <type>16th</type>
  <stem>up</stem>
  <beam number="1">end</beam>
  <beam number="2">end</beam>
<notations><technical><fingering>4</fingering> </technical> </notations></note>
<note>
  <pitch>
    <step>E</step>
    <alter>0</alter>
    <octave>4</octave>
  </pitch>
  <duration>2</duration>
  <voice>1</voice>
  <type>eighth</type>
  <stem>up</stem>
  <beam number="1">begin</beam>
</note>
<note>
  <pitch>
    <step>D</step>
    <alter>0</alter>
    <octave>4</octave>
  </pitch>
  <duration>1</duration>
  <voice>1</voice>
  <type>16th</type>
  <stem>up</stem>
  <beam number="1">continue</beam>
  <beam number="2">begin</beam>
<notations><technical><fingering>4</fingering> </technical> </notations></note>
<note>
  <pitch>
    <step>D</step>
    <alter>0</alter>
    <octave>4</octave>
  </pitch>
  <duration>1</duration>
  <voice>1</voice>
  <type>16th</type>
  <stem>up</stem>
  <beam number="1">end</beam>
  <beam number="2">end</beam>
</note>
</measure>
<measure number="7">
<note>
  <pitch>
    <step>A</step>
    <alter>0</alter>
    <octave>2</octave>
  </pitch>
  <duration>4</duration>
  <voice>2</voice>
  <type>quarter</type>
  <stem>down</stem>
</note>
<note>
  <chord/>
  <pitch>
    <step>A</step>
    <alter>0</alter>
    <octave>3</octave>
  </pitch>
  <duration>4</duration>
  <voice>2</voice>
  <type>quarter</type>
  <stem>down</stem>
</note>
<note>
  <chord/>
  <pitch>
    <step>C</step>
    <alter>0</alter>
    <octave>4</octave>
  </pitch>
  <duration>4</duration>
  <voice>2</voice>
  <type>quarter</type>
  <stem>down</stem>
</note>
<note>
  <pitch>
    <step>E</step>
    <alter>0</alter>
    <octave>2</octave>
  </pitch>
  <duration>4</duration>
  <voice>2</voice>
  <type>quarter</type>
  <stem>down</stem>
</note>
<backup><duration>8</duration></backup>
<note>
  <pitch>
    <step>E</step>
    <alter>0</alter>
    <octave>4</octave>
  </pitch>
  <duration>2</duration>
  <voice>1</voice>
  <type>eighth</type>
  <stem>up</stem>
  <beam number="1">begin</beam>
</note>
<note>
  <pitch>
    <step>F</step>
    <alter>0</alter>
    <octave>4</octave>
  </pitch>
  <duration>2</duration>
  <voice>1</voice>
  <type>eighth</type>
  <stem>up</stem>
  <beam number="1">end</beam>
<notations><technical><fingering>1</fingering> </technical> </notations></note>
<note>
  <pitch>
    <step>G</step>
    <alter>0</alter>
    <octave>4</octave>
  </pitch>
  <duration>3</duration>
  <voice>1</voice>
  <type>eighth</type>
  <dot/>
  <stem>up</stem>
  <beam number="1">begin</beam>
<notations><technical><fingering>4</fingering> </technical> </notations></note>
<note>
  <pitch>
    <step>G</step>
    <alter>0</alter>
    <octave>4</octave>
  </pitch>
  <duration>1</duration>
  <voice>1</voice>
  <type>16th</type>
  <stem>up</stem>
  <beam number="1">end</beam>
  <beam number="2">backward hook</beam>
</note>
</measure>
<measure number="8">
<note>
  <pitch>
    <step>D</step>
    <alter>0</alter>
    <octave>3</octave>
  </pitch>
  <duration>4</duration>
  <voice>2</voice>
  <type>quarter</type>
  <stem>down</stem>
</note>
<note>
  <chord/>
  <pitch>
    <step>A</step>
    <alter>0</alter>
    <octave>3</octave>
  </pitch>
  <duration>4</duration>
  <voice>2</voice>
  <type>quarter</type>
  <stem>down</stem>
</note>
<note>
  <pitch>
    <step>D</step>
    <alter>0</alter>
    <octave>3</octave>
  </pitch>
  <duration>4</duration>
  <voice>2</voice>
  <type>quarter</type>
  <stem>down</stem>
</note>
<backup><duration>8</duration></backup>
<note>
  <pitch>
    <step>D</step>
    <alter>0</alter>
    <octave>4</octave>
  </pitch>
  <duration>2</duration>
  <voice>1</voice>
  <type>eighth</type>
  <stem>up</stem>
  <beam number="1">begin</beam>
<notations><technical><fingering>2</fingering> </technical> </notations></note>
<note>
  <pitch>
    <step>D</step>
    <alter>0</alter>
    <octave>4</octave>
  </pitch>
  <duration>1</duration>
  <voice>1</voice>
  <type>16th</type>
  <stem>up</stem>
  <beam number="1">continue</beam>
  <beam number="2">begin</beam>
</note>
<note>
  <pitch>
    <step>E</step>
    <alter>0</alter>
    <octave>4</octave>
  </pitch>
  <duration>1</duration>
  <voice>1</voice>
  <type>16th</type>
  <stem>up</stem>
  <beam number="1">end</beam>
  <beam number="2">end</beam>
</note>
<note>
  <pitch>
    <step>D</step>
    <alter>0</alter>
    <octave>4</octave>
  </pitch>
  <duration>2</duration>
  <voice>1</voice>
  <type>eighth</type>
  <stem>up</stem>
  <beam number="1">begin</beam>
<notations><technical><fingering>4</fingering> </technical> </notations></note>
<note>
  <pitch>
    <step>C</step>
    <alter>0</alter>
    <octave>4</octave>
  </pitch>
  <duration>1</duration>
  <voice>1</voice>
  <type>16th</type>
  <stem>up</stem>
  <beam number="1">continue</beam>
  <beam number="2">begin</beam>
<notations><technical><fingering>1</fingering> </technical> </notations></note>
<note>
  <pitch>
    <step>C</step>
    <alter>0</alter>
    <octave>4</octave>
  </pitch>
  <duration>1</duration>
  <voice>1</voice>
  <type>16th</type>
  <stem>up</stem>
  <beam number="1">end</beam>
  <beam number="2">end</beam>
</note>
</measure>
<measure number="9">
<note>
  <pitch>
    <step>G</step>
    <alter>0</alter>
    <octave>2</octave>
  </pitch>
  <duration>4</duration>
  <voice>2</voice>
  <type>quarter</type>
  <stem>down</stem>
</note>
<note>
  <chord/>
  <pitch>
    <step>G</step>
    <alter>0</alter>
    <octave>3</octave>
  </pitch>
  <duration>4</duration>
  <voice>2</voice>
  <type>quarter</type>
  <stem>down</stem>
</note>
<note>
  <pitch>
    <step>C</step>
    <alter>0</alter>
    <octave>3</octave>
  </pitch>
  <duration>4</duration>
  <voice>2</voice>
  <type>quarter</type>
  <stem>down</stem>
</note>
<note>
  <chord/>
  <pitch>
    <step>E</step>
    <alter>0</alter>
    <octave>3</octave>
  </pitch>
  <duration>4</duration>
  <voice>2</voice>
  <type>quarter</type>
  <stem>down</stem>
</note>
<note>
  <chord/>
  <pitch>
    <step>G</step>
    <alter>0</alter>
    <octave>3</octave>
  </pitch>
  <duration>4</duration>
  <voice>2</voice>
  <type>quarter</type>
  <stem>down</stem>
</note>
<backup><duration>8</duration></backup>
<note>
  <pitch>
    <step>D</step>
    <alter>0</alter>
    <octave>4</octave>
  </pitch>
  <duration>2</duration>
  <voice>1</voice>
  <type>eighth</type>
  <stem>up</stem>
  <beam number="1">begin</beam>
<notations><technical><fingering>4</fingering> </technical> </notations></note>
<note>
  <pitch>
    <step>C</step>
    <alter>0</alter>
    <octave>4</octave>
  </pitch>
  <duration>1</duration>
  <voice>1</voice>
  <type>16th</type>
  <stem>up</stem>
  <beam number="1">continue</beam>
  <beam number="2">begin</beam>
</note>
<note>
  <pitch>
    <step>B</step>
    <alter>0</alter>
    <octave>3</octave>
  </pitch>
  <duration>1</duration>
  <voice>1</voice>
  <type>16th</type>
  <stem>up</stem>
  <beam number="1">end</beam>
  <beam number="2">end</beam>
</note>
<note>
  <pitch>
    <step>C</step>
    <alter>0</alter>
    <octave>4</octave>
  </pitch>
  <duration>4</duration>
  <voice>1</voice>
  <type>quarter</type>
  <stem>up</stem>
<notations><technical><fingering>1</fingering> </technical> </notations></note>
</measure>
<measure number="10">
<note>
  <pitch>
    <step>E</step>
    <alter>0</alter>
    <octave>2</octave>
  </pitch>
  <duration>4</duration>
  <voice>2</voice>
  <type>quarter</type>
  <stem>down</stem>
</note>
<note>
  <chord/>
  <pitch>
    <step>G</step>
    <alter>0</alter>
    <octave>3</octave>
  </pitch>
  <duration>4</duration>
  <voice>2</voice>
  <type>quarter</type>
  <stem>down</stem>
</note>
<note>
  <chord/>
  <pitch>
    <step>B</step>
    <alter>0</alter>
    <octave>3</octave>
  </pitch>
  <duration>4</duration>
  <voice>2</voice>
  <type>quarter</type>
  <stem>down</stem>
</note>
<note>
  <pitch>
    <step>A</step>
    <alter>0</alter>
    <octave>2</octave>
  </pitch>
  <duration>4</duration>
  <voice>2</voice>
  <type>quarter</type>
  <stem>down</stem>
</note>
<note>
  <chord/>
  <pitch>
    <step>A</step>
    <alter>0</alter>
    <octave>3</octave>
  </pitch>
  <duration>4</duration>
  <voice>2</voice>
  <type>quarter</type>
  <stem>down</stem>
</note>
<note>
  <chord/>
  <pitch>
    <step>C</step>
    <alter>0</alter>
    <octave>4</octave>
  </pitch>
  <duration>4</duration>
  <voice>2</voice>
  <type>quarter</type>
  <stem>down</stem>
</note>
<backup><duration>8</duration></backup>
<note>
  <pitch>
    <step>G</step>
    <alter>0</alter>
    <octave>4</octave>
  </pitch>
  <duration>4</duration>
  <voice>1</voice>
  <type>quarter</type>
  <stem>up</stem>
<notations><technical><fingering>4</fingering> </technical> </notations></note>
<note>
  <pitch>
    <step>E</step>
    <alter>0</alter>
    <octave>4</octave>
  </pitch>
  <duration>3</duration>
  <voice>1</voice>
  <type>eighth</type>
  <dot/>
  <stem>up</stem>
  <beam number="1">begin</beam>
</note>
<note>
  <pitch>
    <step>D</step>
    <alter>0</alter>
    <octave>4</octave>
  </pitch>
  <duration>1</duration>
  <voice>1</voice>
  <type>16th</type>
  <stem>up</stem>
  <beam number="1">end</beam>
  <beam number="2">backward hook</beam>
<notations><technical><fingering>4</fingering> </technical> </notations></note>
</measure>
<measure number="11">
<note>
  <pitch>
    <step>C</step>
    <alter>0</alter>
    <octave>3</octave>
  </pitch>
  <duration>4</duration>
  <voice>2</voice>
  <type>quarter</type>
  <stem>down</stem>
</note>
<note>
  <pitch>
    <step>F</step>
    <alter>0</alter>
    <octave>3</octave>
  </pitch>
  <duration>4</duration>
  <voice>2</voice>
  <type>quarter</type>
  <stem>down</stem>
</note>
<backup><duration>8</duration></backup>
<note>
  <pitch>
    <step>E</step>
    <alter>0</alter>
    <octave>4</octave>
  </pitch>
  <duration>1</duration>
  <voice>1</voice>
  <type>16th</type>
  <stem>up</stem>
  <beam number="1">begin</beam>
  <beam number="2">begin</beam>
</note>
<note>
  <pitch>
    <step>F</step>
    <alter>0</alter>
    <octave>4</octave>
  </pitch>
  <duration>1</duration>
  <voice>1</voice>
  <type>16th</type>
  <stem>up</stem>
  <beam number="1">continue</beam>
  <beam number="2">continue</beam>
</note>
<note>
  <pitch>
    <step>E</step>
    <alter>0</alter>
    <octave>4</octave>
  </pitch>
  <duration>1</duration>
  <voice>1</voice>
  <type>16th</type>
  <stem>up</stem>
  <beam number="1">continue</beam>
  <beam number="2">continue</beam>
</note>
<note>
  <pitch>
    <step>D</step>
    <alter>0</alter>
    <octave>4</octave>
  </pitch>
  <duration>1</duration>
  <voice>1</voice>
  <type>16th</type>
  <stem>up</stem>
  <beam number="1">end</beam>
  <beam number="2">end</beam>
<notations><technical><fingering>4</fingering> </technical> </notations></note>
<note>
  <pitch>
    <step>C</step>
    <alter>0</alter>
    <octave>4</octave>
  </pitch>
  <duration>3</duration>
  <voice>1</voice>
  <type>eighth</type>
  <dot/>
  <stem>up</stem>
  <beam number="1">begin</beam>
</note>
<note>
  <pitch>
    <step>D</step>
    <alter>0</alter>
    <octave>4</octave>
  </pitch>
  <duration>1</duration>
  <voice>1</voice>
  <type>16th</type>
  <stem>up</stem>
  <beam number="1">end</beam>
  <beam number="2">backward hook</beam>
<notations><technical><fingering>4</fingering> </technical> </notations></note>
</measure>
<measure number="12">
<note>
  <pitch>
    <step>C</step>
    <alter>0</alter>
    <octave>3</octave>
  </pitch>
  <duration>4</duration>
  <voice>2</voice>
  <type>quarter</type>
  <stem>down</stem>
</note>
<note>
  <pitch>
    <step>C</step>
    <alter>0</alter>
    <octave>3</octave>
  </pitch>
  <duration>4</duration>
  <voice>2</voice>
  <type>quarter</type>
  <stem>down</stem>
</note>
<backup><duration>8</duration></backup>
<note>
  <pitch>
    <step>E</step>
    <alter>0</alter>
    <octave>4</octave>
  </pitch>
  <duration>2</duration>
  <voice>1</voice>
  <type>eighth</type>
  <stem>up</stem>
  <beam number="1">begin</beam>
</note>
<note>
  <pitch>
    <step>E</step>
    <alter>0</alter>
    <octave>4</octave>
  </pitch>
  <duration>1</duration>
  <voice>1</voice>
  <type>16th</type>
  <stem>up</stem>
  <beam number="1">continue</beam>
  <beam number="2">begin</beam>
</note>
<note>
  <pitch>
    <step>F</step>
    <alter>0</alter>
    <octave>4</octave>
  </pitch>
  <duration>1</duration>
  <voice>1</voice>
  <type>16th</type>
  <stem>up</stem>
  <beam number="1">end</beam>
  <beam number="2">end</beam>
</note>
<note>
  <pitch>
    <step>G</step>
    <alter>0</alter>
    <octave>4</octave>
  </pitch>
  <duration>2</duration>
  <voice>1</voice>
  <type>eighth</type>
  <stem>up</stem>
  <beam number="1">begin</beam>
<notations><technical><fingering>4</fingering> </technical> </notations></note>
<note>
  <pitch>
    <step>E</step>
    <alter>0</alter>
    <octave>4</octave>
  </pitch>
  <duration>2</duration>
  <voice>1</voice>
  <type>eighth</type>
  <stem>up</stem>
  <beam number="1">end</beam>
</note>
</measure>
<measure number="13">
<note>
  <pitch>
    <step>G</step>
    <alter>0</alter>
    <octave>2</octave>
  </pitch>
  <duration>4</duration>
  <voice>2</voice>
  <type>quarter</type>
  <stem>down</stem>
</note>
<note>
  <pitch>
    <step>G</step>
    <alter>0</alter>
    <octave>2</octave>
  </pitch>
  <duration>4</duration>
  <voice>2</voice>
  <type>quarter</type>
  <stem>down</stem>
</note>
<backup><duration>8</duration></backup>
<note>
  <pitch>
    <step>D</step>
    <alter>0</alter>
    <octave>4</octave>
  </pitch>
  <duration>2</duration>
  <voice>1</voice>
  <type>eighth</type>
  <stem>up</stem>
  <beam number="1">begin</beam>
<notations><technical><fingering>4</fingering> </technical> </notations></note>
<note>
  <pitch>
    <step>D</step>
    <alter>0</alter>
    <octave>4</octave>
  </pitch>
  <duration>1</duration>
  <voice>1</voice>
  <type>16th</type>
  <stem>up</stem>
  <beam number="1">continue</beam>
  <beam number="2">begin</beam>
</note>
<note>
  <pitch>
    <step>E</step>
    <alter>0</alter>
    <octave>4</octave>
  </pitch>
  <duration>1</duration>
  <voice>1</voice>
  <type>16th</type>
  <stem>up</stem>
  <beam number="1">end</beam>
  <beam number="2">end</beam>
</note>
<note>
  <pitch>
    <step>D</step>
    <alter>0</alter>
    <octave>4</octave>
  </pitch>
  <duration>3</duration>
  <voice>1</voice>
  <type>eighth</type>
  <dot/>
  <stem>up</stem>
  <beam number="1">begin</beam>
<notations><technical><fingering>4</fingering> </technical> </notations></note>
<note>
  <pitch>
    <step>G</step>
    <alter>0</alter>
    <octave>3</octave>
  </pitch>
  <duration>1</duration>
  <voice>1</voice>
  <type>16th</type>
  <stem>up</stem>
  <beam number="1">end</beam>
  <beam number="2">backward hook</beam>
</note>
</measure>
<measure number="14">
<note>
  <pitch>
    <step>C</step>
    <alter>0</alter>
    <octave>3</octave>
  </pitch>
  <duration>4</duration>
  <voice>2</voice>
  <type>quarter</type>
  <stem>down</stem>
</note>
<note>
  <chord/>
  <pitch>
    <step>E</step>
    <alter>0</alter>
    <octave>3</octave>
  </pitch>
  <duration>4</duration>
  <voice>2</voice>
  <type>quarter</type>
  <stem>down</stem>
</note>
<note>
  <chord/>
  <pitch>
    <step>G</step>
    <alter>0</alter>
    <octave>3</octave>
  </pitch>
  <duration>4</duration>
  <voice>2</voice>
  <type>quarter</type>
  <stem>down</stem>
</note>
<note>
  <pitch>
    <step>F</step>
    <alter>0</alter>
    <octave>3</octave>
  </pitch>
  <duration>4</duration>
  <voice>2</voice>
  <type>quarter</type>
  <stem>down</stem>
</note>
<note>
  <chord/>
  <pitch>
    <step>A</step>
    <alter>0</alter>
    <octave>3</octave>
  </pitch>
  <duration>4</duration>
  <voice>2</voice>
  <type>quarter</type>
  <stem>down</stem>
</note>
<backup><duration>8</duration></backup>
<note>
  <pitch>
    <step>C</step>
    <alter>0</alter>
    <octave>4</octave>
  </pitch>
  <duration>4</duration>
  <voice>1</voice>
  <type>quarter</type>
  <stem>up</stem>
<notations><technical><fingering>1</fingering> </technical> </notations></note>
<note>
  <pitch>
    <step>C</step>
    <alter>0</alter>
    <octave>4</octave>
  </pitch>
  <duration>3</duration>
  <voice>1</voice>
  <type>eighth</type>
  <dot/>
  <stem>up</stem>
  <beam number="1">begin</beam>
</note>
<note>
  <pitch>
    <step>D</step>
    <alter>0</alter>
    <octave>4</octave>
  </pitch>
  <duration>1</duration>
  <voice>1</voice>
  <type>16th</type>
  <stem>up</stem>
  <beam number="1">end</beam>
  <beam number="2">backward hook</beam>
<notations><technical><fingering>4</fingering> </technical> </notations></note>
</measure>
<measure number="15">
<note>
  <pitch>
    <step>C</step>
    <alter>0</alter>
    <octave>3</octave>
  </pitch>
  <duration>4</duration>
  <voice>2</voice>
  <type>quarter</type>
  <stem>down</stem>
</note>
<note>
  <pitch>
    <step>C</step>
    <alter>0</alter>
    <octave>3</octave>
  </pitch>
  <duration>4</duration>
  <voice>2</voice>
  <type>quarter</type>
  <stem>down</stem>
</note>
<backup><duration>8</duration></backup>
<note>
  <pitch>
    <step>E</step>
    <alter>0</alter>
    <octave>4</octave>
  </pitch>
  <duration>2</duration>
  <voice>1</voice>
  <type>eighth</type>
  <stem>up</stem>
  <beam number="1">begin</beam>
</note>
<note>
  <pitch>
    <step>E</step>
    <alter>0</alter>
    <octave>4</octave>
  </pitch>
  <duration>1</duration>
  <voice>1</voice>
  <type>16th</type>
  <stem>up</stem>
  <beam number="1">continue</beam>
  <beam number="2">begin</beam>
</note>
<note>
  <pitch>
    <step>F</step>
    <alter>0</alter>
    <octave>4</octave>
  </pitch>
  <duration>1</duration>
  <voice>1</voice>
  <type>16th</type>
  <stem>up</stem>
  <beam number="1">end</beam>
  <beam number="2">end</beam>
</note>
<note>
  <pitch>
    <step>G</step>
    <alter>0</alter>
    <octave>4</octave>
  </pitch>
  <duration>2</duration>
  <voice>1</voice>
  <type>eighth</type>
  <stem>up</stem>
  <beam number="1">begin</beam>
<notations><technical><fingering>4</fingering> </technical> </notations></note>
<note>
  <pitch>
    <step>E</step>
    <alter>0</alter>
    <octave>4</octave>
  </pitch>
  <duration>1</duration>
  <voice>1</voice>
  <type>16th</type>
  <stem>up</stem>
  <beam number="1">continue</beam>
  <beam number="2">begin</beam>
</note>
<note>
  <pitch>
    <step>E</step>
    <alter>0</alter>
    <octave>4</octave>
  </pitch>
  <duration>1</duration>
  <voice>1</voice>
  <type>16th</type>
  <stem>up</stem>
  <beam number="1">end</beam>
  <beam number="2">end</beam>
</note>
</measure>
<measure number="16">
<note>
  <pitch>
    <step>D</step>
    <alter>0</alter>
    <octave>3</octave>
  </pitch>
  <duration>4</duration>
  <voice>2</voice>
  <type>quarter</type>
  <stem>down</stem>
</note>
<note>
  <pitch>
    <step>G</step>
    <alter>0</alter>
    <octave>2</octave>
  </pitch>
  <duration>4</duration>
  <voice>2</voice>
  <type>quarter</type>
  <stem>down</stem>
</note>
<backup><duration>8</duration></backup>
<note>
  <pitch>
    <step>D</step>
    <alter>0</alter>
    <octave>4</octave>
  </pitch>
  <duration>2</duration>
  <voice>1</voice>
  <type>eighth</type>
  <stem>up</stem>
  <beam number="1">begin</beam>
<notations><technical><fingering>4</fingering> </technical> </notations></note>
<note>
  <pitch>
    <step>D</step>
    <alter>0</alter>
    <octave>4</octave>
  </pitch>
  <duration>2</duration>
  <voice>1</voice>
  <type>eighth</type>
  <stem>up</stem>
  <beam number="1">end</beam>
</note>
<note>
  <pitch>
    <step>E</step>
    <alter>0</alter>
    <octave>4</octave>
  </pitch>
  <duration>2</duration>
  <voice>1</voice>
  <type>eighth</type>
  <stem>up</stem>
  <beam number="1">begin</beam>
</note>
<note>
  <pitch>
    <step>E</step>
    <alter>0</alter>
    <octave>4</octave>
  </pitch>
  <duration>1</duration>
  <voice>1</voice>
  <type>16th</type>
  <stem>up</stem>
  <beam number="1">continue</beam>
  <beam number="2">begin</beam>
</note>
<note>
  <pitch>
    <step>D</step>
    <alter>0</alter>
    <octave>4</octave>
  </pitch>
  <duration>1</duration>
  <voice>1</voice>
  <type>16th</type>
  <stem>up</stem>
  <beam number="1">end</beam>
  <beam number="2">end</beam>
<notations><technical><fingering>4</fingering> </technical> </notations></note>
</measure>
<measure number="17">
<note>
  <pitch>
    <step>C</step>
    <alter>0</alter>
    <octave>3</octave>
  </pitch>
  <duration>2</duration>
  <voice>2</voice>
  <type>eighth</type>
  <stem>down</stem>
  <beam number="1">begin</beam>
</note>
<note>
  <pitch>
    <step>F</step>
    <alter>0</alter>
    <octave>3</octave>
  </pitch>
  <duration>2</duration>
  <voice>2</voice>
  <type>eighth</type>
  <stem>down</stem>
  <beam number="1">end</beam>
</note>
<note>
  <pitch>
    <step>C</step>
    <alter>0</alter>
    <octave>3</octave>
  </pitch>
  <duration>4</duration>
  <voice>2</voice>
  <type>quarter</type>
  <stem>down</stem>
</note>
<backup><duration>8</duration></backup>
<note>
  <pitch>
    <step>C</step>
    <alter>0</alter>
    <octave>4</octave>
  </pitch>
  <duration>2</duration>
  <voice>1</voice>
  <type>eighth</type>
  <stem>up</stem>
  <beam number="1">begin</beam>
</note>
<note>
  <pitch>
    <step>C</step>
    <alter>0</alter>
    <octave>4</octave>
  </pitch>
  <duration>2</duration>
  <voice>1</voice>
  <type>eighth</type>
  <stem>up</stem>
  <beam number="1">end</beam>
</note>
<note>
  <pitch>
    <step>C</step>
    <alter>0</alter>
    <octave>4</octave>
  </pitch>
  <duration>4</duration>
  <voice>1</voice>
  <type>quarter</type>
  <stem>up</stem>
</note>
<barline location="right"><bar-style>light-light</bar-style></barline>
</measure>
</part>
</score-partwise>
