<?xml version='1.0' encoding='utf-8'?>
<!DOCTYPE score-partwise PUBLIC "-//Recordare//DTD MusicXML 3.0 Partwise//EN" "http://www.musicxml.org/dtds/partwise.dtd">
<score-partwise>
  <work>
    <work-title>Variations on Southwell</work-title>
  </work>
  <identification>
    <creator type="composer">William Daman
Arr. Chris Spencer</creator>
    <encoding>
      <encoder>abc2xml version 236</encoder>
      <supports attribute="new-system" element="print" type="yes" value="yes" />
      <encoding-date>2022-10-29</encoding-date>
    </encoding>
  </identification>
  <part-list>
    <score-part id="P1">
      <part-name />
    </score-part>
  </part-list>
  <part id="P1">
    <measure number="1">
      <direction placement="above">
        <direction-type>
          <metronome>
            <beat-unit>quarter</beat-unit>
            <per-minute>120</per-minute>
          </metronome>
        </direction-type>
        <sound tempo="120.00" />
      </direction>
      <attributes>
        <divisions>120</divisions>
        <key>
          <fifths>-1</fifths>
          <mode>major</mode>
        </key>
        <time>
          <beats>4</beats>
          <beat-type>4</beat-type>
        </time>
        <clef>
          <sign>G</sign>
          <line>2</line>
          <clef-octave-change>-1</clef-octave-change>
        </clef>
      </attributes>
      <direction placement="above">
        <direction-type>
          <words>II</words>
        </direction-type>
      </direction>
      <note>
        <pitch>
          <step>D</step>
          <octave>4</octave>
        </pitch>
        <duration>120</duration>
        <voice>1</voice>
        <type>quarter</type>
      </note>
      <backup>
        <duration>120</duration>
      </backup>
      <note print-object="no">
        <rest />
        <duration>120</duration>
        <voice>2</voice>
        <type>quarter</type>
      </note>
      <backup>
        <duration>120</duration>
      </backup>
      <note print-object="no">
        <rest />
        <duration>120</duration>
        <voice>3</voice>
        <type>quarter</type>
      </note>
    </measure>
    <measure number="4">
      <note>
        <pitch>
          <step>F</step>
          <octave>4</octave>
        </pitch>
        <duration>60</duration>
        <voice>1</voice>
        <type>eighth</type>
        <beam number="1">begin</beam>
      </note>
      <note>
        <pitch>
          <step>A</step>
          <octave>3</octave>
        </pitch>
        <duration>60</duration>
        <voice>1</voice>
        <type>eighth</type>
        <beam number="1">continue</beam>
      </note>
      <note>
        <pitch>
          <step>F</step>
          <octave>4</octave>
        </pitch>
        <duration>60</duration>
        <voice>1</voice>
        <type>eighth</type>
        <beam number="1">continue</beam>
      </note>
      <note>
        <pitch>
          <step>A</step>
          <octave>3</octave>
        </pitch>
        <duration>60</duration>
        <voice>1</voice>
        <type>eighth</type>
        <beam number="1">end</beam>
      </note>
      <note>
        <pitch>
          <step>E</step>
          <octave>4</octave>
        </pitch>
        <duration>60</duration>
        <voice>1</voice>
        <type>eighth</type>
        <beam number="1">begin</beam>
      </note>
      <note>
        <pitch>
          <step>A</step>
          <octave>3</octave>
        </pitch>
        <duration>60</duration>
        <voice>1</voice>
        <type>eighth</type>
        <beam number="1">continue</beam>
      </note>
      <note>
        <pitch>
          <step>E</step>
          <octave>4</octave>
        </pitch>
        <duration>60</duration>
        <voice>1</voice>
        <type>eighth</type>
        <beam number="1">continue</beam>
      </note>
      <note>
        <pitch>
          <step>A</step>
          <octave>3</octave>
        </pitch>
        <duration>60</duration>
        <voice>1</voice>
        <type>eighth</type>
        <beam number="1">end</beam>
      </note>
      <backup>
        <duration>480</duration>
      </backup>
      <note>
        <pitch>
          <step>D</step>
          <octave>2</octave>
        </pitch>
        <duration>240</duration>
        <voice>2</voice>
        <type>half</type>
      </note>
      <note>
        <pitch>
          <step>C</step>
          <octave>2</octave>
        </pitch>
        <duration>240</duration>
        <voice>2</voice>
        <type>half</type>
      </note>
      <backup>
        <duration>480</duration>
      </backup>
      <note print-object="no">
        <rest measure="yes" />
        <duration>480</duration>
        <voice>3</voice>
      </note>
    </measure>
    <measure number="7">
      <note>
        <pitch>
          <step>D</step>
          <octave>4</octave>
        </pitch>
        <duration>60</duration>
        <voice>1</voice>
        <type>eighth</type>
        <beam number="1">begin</beam>
      </note>
      <note>
        <pitch>
          <step>A</step>
          <octave>3</octave>
        </pitch>
        <duration>60</duration>
        <voice>1</voice>
        <type>eighth</type>
        <beam number="1">continue</beam>
      </note>
      <note>
        <pitch>
          <step>D</step>
          <octave>4</octave>
        </pitch>
        <duration>60</duration>
        <voice>1</voice>
        <type>eighth</type>
        <beam number="1">continue</beam>
      </note>
      <note>
        <pitch>
          <step>A</step>
          <octave>3</octave>
        </pitch>
        <duration>60</duration>
        <voice>1</voice>
        <type>eighth</type>
        <beam number="1">end</beam>
      </note>
      <note>
        <pitch>
          <step>D</step>
          <octave>4</octave>
        </pitch>
        <duration>180</duration>
        <voice>1</voice>
        <type>quarter</type>
        <dot />
      </note>
      <note>
        <pitch>
          <step>A</step>
          <octave>3</octave>
        </pitch>
        <duration>60</duration>
        <voice>1</voice>
        <type>eighth</type>
        </note>
      <backup>
        <duration>480</duration>
      </backup>
      <note>
        <pitch>
          <step>D</step>
          <octave>2</octave>
        </pitch>
        <duration>480</duration>
        <voice>2</voice>
        <type>whole</type>
      </note>
      <backup>
        <duration>480</duration>
      </backup>
      <note print-object="no">
        <rest measure="yes" />
        <duration>480</duration>
        <voice>3</voice>
      </note>
    </measure>
    <measure number="10">
      <print new-system="yes" />
      <note>
        <pitch>
          <step>F</step>
          <octave>4</octave>
        </pitch>
        <duration>60</duration>
        <voice>1</voice>
        <type>eighth</type>
        <beam number="1">begin</beam>
      </note>
      <note>
        <pitch>
          <step>A</step>
          <octave>3</octave>
        </pitch>
        <duration>60</duration>
        <voice>1</voice>
        <type>eighth</type>
        <beam number="1">continue</beam>
      </note>
      <note>
        <pitch>
          <step>F</step>
          <octave>4</octave>
        </pitch>
        <duration>60</duration>
        <voice>1</voice>
        <type>eighth</type>
        <beam number="1">continue</beam>
      </note>
      <note>
        <pitch>
          <step>A</step>
          <octave>3</octave>
        </pitch>
        <duration>60</duration>
        <voice>1</voice>
        <type>eighth</type>
        <beam number="1">end</beam>
      </note>
      <note>
        <pitch>
          <step>G</step>
          <octave>4</octave>
        </pitch>
        <duration>60</duration>
        <voice>1</voice>
        <type>eighth</type>
        <beam number="1">begin</beam>
      </note>
      <note>
        <pitch>
          <step>A</step>
          <octave>3</octave>
        </pitch>
        <duration>60</duration>
        <voice>1</voice>
        <type>eighth</type>
        <beam number="1">continue</beam>
      </note>
      <note>
        <pitch>
          <step>G</step>
          <octave>4</octave>
        </pitch>
        <duration>60</duration>
        <voice>1</voice>
        <type>eighth</type>
        <beam number="1">continue</beam>
      </note>
      <note>
        <pitch>
          <step>A</step>
          <octave>3</octave>
        </pitch>
        <duration>60</duration>
        <voice>1</voice>
        <type>eighth</type>
        <beam number="1">end</beam>
      </note>
      <backup>
        <duration>480</duration>
      </backup>
      <note>
        <pitch>
          <step>D</step>
          <octave>2</octave>
        </pitch>
        <duration>240</duration>
        <voice>2</voice>
        <type>half</type>
      </note>
      <note>
        <pitch>
          <step>E</step>
          <octave>2</octave>
        </pitch>
        <duration>240</duration>
        <voice>2</voice>
        <type>half</type>
      </note>
      <backup>
        <duration>480</duration>
      </backup>
      <note print-object="no">
        <rest measure="yes" />
        <duration>480</duration>
        <voice>3</voice>
      </note>
    </measure>
    <measure number="13">
      <note>
        <pitch>
          <step>A</step>
          <octave>4</octave>
        </pitch>
        <duration>60</duration>
        <voice>1</voice>
        <type>eighth</type>
        <beam number="1">begin</beam>
      </note>
      <note>
        <pitch>
          <step>A</step>
          <octave>3</octave>
        </pitch>
        <duration>60</duration>
        <voice>1</voice>
        <type>eighth</type>
        <beam number="1">continue</beam>
      </note>
      <note>
        <pitch>
          <step>A</step>
          <octave>4</octave>
        </pitch>
        <duration>60</duration>
        <voice>1</voice>
        <type>eighth</type>
        <beam number="1">continue</beam>
      </note>
      <note>
        <pitch>
          <step>A</step>
          <octave>3</octave>
        </pitch>
        <duration>60</duration>
        <voice>1</voice>
        <type>eighth</type>
        <beam number="1">end</beam>
      </note>
      <note>
        <pitch>
          <step>A</step>
          <octave>4</octave>
        </pitch>
        <duration>180</duration>
        <voice>1</voice>
        <type>quarter</type>
        <dot />
      </note>
      <direction placement="above">
        <direction-type>
          <words>V</words>
        </direction-type>
      </direction>
      <note>
        <pitch>
          <step>A</step>
          <octave>4</octave>
        </pitch>
        <duration>60</duration>
        <voice>1</voice>
        <type>eighth</type>
        </note>
      <backup>
        <duration>480</duration>
      </backup>
      <note>
        <pitch>
          <step>F</step>
          <octave>2</octave>
        </pitch>
        <duration>240</duration>
        <voice>2</voice>
        <type>half</type>
      </note>
      <note print-object="no">
        <rest />
        <duration>240</duration>
        <voice>2</voice>
        <type>half</type>
      </note>
      <backup>
        <duration>480</duration>
      </backup>
      <note print-object="no">
        <rest measure="yes" />
        <duration>480</duration>
        <voice>3</voice>
      </note>
    </measure>
    <measure number="16">
      <note>
        <pitch>
          <step>C</step>
          <octave>5</octave>
        </pitch>
        <duration>60</duration>
        <voice>1</voice>
        <type>eighth</type>
        <beam number="1">begin</beam>
      </note>
      <note>
        <pitch>
          <step>A</step>
          <octave>3</octave>
        </pitch>
        <duration>60</duration>
        <voice>1</voice>
        <type>eighth</type>
        <beam number="1">continue</beam>
      </note>
      <note>
        <pitch>
          <step>C</step>
          <octave>5</octave>
        </pitch>
        <duration>60</duration>
        <voice>1</voice>
        <type>eighth</type>
        <beam number="1">continue</beam>
      </note>
      <note>
        <pitch>
          <step>A</step>
          <octave>3</octave>
        </pitch>
        <duration>60</duration>
        <voice>1</voice>
        <type>eighth</type>
        <beam number="1">end</beam>
      </note>
      <note>
        <pitch>
          <step>B</step>
          <alter>0</alter>
          <octave>4</octave>
        </pitch>
        <duration>60</duration>
        <voice>1</voice>
        <type>eighth</type>
        <accidental>natural</accidental>
        <beam number="1">begin</beam>
      </note>
      <note>
        <pitch>
          <step>A</step>
          <octave>3</octave>
        </pitch>
        <duration>60</duration>
        <voice>1</voice>
        <type>eighth</type>
        <beam number="1">continue</beam>
      </note>
      <note>
        <pitch>
          <step>B</step>
          <alter>0</alter>
          <octave>4</octave>
        </pitch>
        <duration>60</duration>
        <voice>1</voice>
        <type>eighth</type>
        <beam number="1">continue</beam>
      </note>
      <note>
        <pitch>
          <step>A</step>
          <octave>3</octave>
        </pitch>
        <duration>60</duration>
        <voice>1</voice>
        <type>eighth</type>
        <beam number="1">end</beam>
      </note>
      <backup>
        <duration>480</duration>
      </backup>
      <note>
        <pitch>
          <step>A</step>
          <octave>2</octave>
        </pitch>
        <duration>240</duration>
        <voice>2</voice>
        <type>half</type>
      </note>
      <note>
        <pitch>
          <step>D</step>
          <octave>3</octave>
        </pitch>
        <duration>240</duration>
        <voice>2</voice>
        <type>half</type>
      </note>
      <backup>
        <duration>480</duration>
      </backup>
      <note print-object="no">
        <rest measure="yes" />
        <duration>480</duration>
        <voice>3</voice>
      </note>
    </measure>
    <measure number="19">
      <print new-system="yes" />
      <direction placement="above">
        <direction-type>
          <words>II</words>
        </direction-type>
      </direction>
      <note>
        <pitch>
          <step>A</step>
          <octave>4</octave>
        </pitch>
        <duration>60</duration>
        <voice>1</voice>
        <type>eighth</type>
        <beam number="1">begin</beam>
      </note>
      <note>
        <pitch>
          <step>A</step>
          <octave>3</octave>
        </pitch>
        <duration>60</duration>
        <voice>1</voice>
        <type>eighth</type>
        <beam number="1">continue</beam>
      </note>
      <note>
        <pitch>
          <step>A</step>
          <octave>4</octave>
        </pitch>
        <duration>60</duration>
        <voice>1</voice>
        <type>eighth</type>
        <beam number="1">continue</beam>
      </note>
      <note>
        <pitch>
          <step>A</step>
          <octave>3</octave>
        </pitch>
        <duration>60</duration>
        <voice>1</voice>
        <type>eighth</type>
        <beam number="1">end</beam>
      </note>
      <note>
        <pitch>
          <step>G</step>
          <octave>4</octave>
        </pitch>
        <duration>60</duration>
        <voice>1</voice>
        <type>eighth</type>
        <beam number="1">begin</beam>
      </note>
      <note>
        <pitch>
          <step>A</step>
          <octave>3</octave>
        </pitch>
        <duration>60</duration>
        <voice>1</voice>
        <type>eighth</type>
        <beam number="1">continue</beam>
      </note>
      <note>
        <pitch>
          <step>A</step>
          <octave>4</octave>
        </pitch>
        <duration>60</duration>
        <voice>1</voice>
        <type>eighth</type>
        <beam number="1">continue</beam>
      </note>
      <note>
        <pitch>
          <step>A</step>
          <octave>3</octave>
        </pitch>
        <duration>60</duration>
        <voice>1</voice>
        <type>eighth</type>
        <beam number="1">end</beam>
      </note>
      <backup>
        <duration>480</duration>
      </backup>
      <note>
        <pitch>
          <step>F</step>
          <octave>3</octave>
        </pitch>
        <duration>240</duration>
        <voice>2</voice>
        <type>half</type>
      </note>
      <note>
        <pitch>
          <step>A</step>
          <octave>2</octave>
        </pitch>
        <duration>240</duration>
        <voice>2</voice>
        <type>half</type>
      </note>
      <backup>
        <duration>480</duration>
      </backup>
      <note print-object="no">
        <rest measure="yes" />
        <duration>480</duration>
        <voice>3</voice>
      </note>
    </measure>
    <measure number="22">
      <note>
        <pitch>
          <step>G</step>
          <octave>4</octave>
        </pitch>
        <duration>60</duration>
        <voice>1</voice>
        <type>eighth</type>
        <beam number="1">begin</beam>
      </note>
      <note>
        <pitch>
          <step>A</step>
          <octave>3</octave>
        </pitch>
        <duration>60</duration>
        <voice>1</voice>
        <type>eighth</type>
        <beam number="1">continue</beam>
      </note>
      <note>
        <pitch>
          <step>F</step>
          <octave>4</octave>
        </pitch>
        <duration>60</duration>
        <voice>1</voice>
        <type>eighth</type>
        <beam number="1">continue</beam>
      </note>
      <note>
        <pitch>
          <step>A</step>
          <octave>3</octave>
        </pitch>
        <duration>60</duration>
        <voice>1</voice>
        <type>eighth</type>
        <beam number="1">end</beam>
      </note>
      <note>
        <pitch>
          <step>E</step>
          <octave>4</octave>
        </pitch>
        <duration>60</duration>
        <voice>1</voice>
        <type>eighth</type>
        <beam number="1">begin</beam>
      </note>
      <note>
        <pitch>
          <step>A</step>
          <octave>3</octave>
        </pitch>
        <duration>60</duration>
        <voice>1</voice>
        <type>eighth</type>
        <beam number="1">continue</beam>
      </note>
      <note>
        <pitch>
          <step>E</step>
          <octave>4</octave>
        </pitch>
        <duration>60</duration>
        <voice>1</voice>
        <type>eighth</type>
        <beam number="1">continue</beam>
      </note>
      <note>
        <pitch>
          <step>A</step>
          <octave>3</octave>
        </pitch>
        <duration>60</duration>
        <voice>1</voice>
        <type>eighth</type>
        <beam number="1">end</beam>
      </note>
      <backup>
        <duration>480</duration>
      </backup>
      <note>
        <pitch>
          <step>G</step>
          <octave>2</octave>
        </pitch>
        <duration>240</duration>
        <voice>2</voice>
        <type>half</type>
      </note>
      <note>
        <pitch>
          <step>A</step>
          <octave>2</octave>
        </pitch>
        <duration>240</duration>
        <voice>2</voice>
        <type>half</type>
      </note>
      <backup>
        <duration>480</duration>
      </backup>
      <note print-object="no">
        <rest measure="yes" />
        <duration>480</duration>
        <voice>3</voice>
      </note>
    </measure>
    <measure number="25">
      <note>
        <pitch>
          <step>A</step>
          <octave>3</octave>
        </pitch>
        <duration>360</duration>
        <voice>1</voice>
        <type>half</type>
        <dot />
      </note>
      <note>
        <chord />
        <pitch>
          <step>D</step>
          <octave>4</octave>
        </pitch>
        <duration>360</duration>
        <voice>1</voice>
        <type>half</type>
        <dot />
      </note>
      <note>
        <rest />
        <duration>120</duration>
        <voice>1</voice>
        <type>quarter</type>
      </note>
      <backup>
        <duration>480</duration>
      </backup>
      <note>
        <pitch>
          <step>D</step>
          <octave>3</octave>
        </pitch>
        <duration>360</duration>
        <voice>2</voice>
        <type>half</type>
        <dot />
      </note>
      <note>
        <chord />
        <pitch>
          <step>F</step>
          <octave>3</octave>
        </pitch>
        <duration>360</duration>
        <voice>2</voice>
        <type>half</type>
        <dot />
      </note>
      <note>
        <rest />
        <duration>120</duration>
        <voice>2</voice>
        <type>quarter</type>
      </note>
      <backup>
        <duration>480</duration>
      </backup>
      <note print-object="no">
        <rest measure="yes" />
        <duration>480</duration>
        <voice>3</voice>
      </note>
    </measure>
    <measure number="28">
      <print new-system="yes" />
      <direction placement="above">
        <direction-type>
          <metronome>
            <beat-unit>quarter</beat-unit>
            <per-minute>80</per-minute>
          </metronome>
        </direction-type>
        <sound tempo="80.00" />
      </direction>
      <direction placement="above">
        <direction-type>
          <words>II</words>
        </direction-type>
      </direction>
      <note>
        <pitch>
          <step>D</step>
          <octave>4</octave>
        </pitch>
        <duration>120</duration>
        <voice>1</voice>
        <type>quarter</type>
      </note>
      <backup>
        <duration>120</duration>
      </backup>
      <note print-object="no">
        <rest />
        <duration>120</duration>
        <voice>2</voice>
        <type>quarter</type>
      </note>
      <backup>
        <duration>120</duration>
      </backup>
      <note print-object="no">
        <rest />
        <duration>120</duration>
        <voice>3</voice>
        <type>quarter</type>
      </note>
    </measure>
    <measure number="31">
      <note>
        <pitch>
          <step>F</step>
          <octave>4</octave>
        </pitch>
        <duration>60</duration>
        <voice>1</voice>
        <type>eighth</type>
        <beam number="1">begin</beam>
      </note>
      <note>
        <pitch>
          <step>A</step>
          <octave>3</octave>
        </pitch>
        <duration>30</duration>
        <voice>1</voice>
        <type>16th</type>
        <beam number="1">continue</beam>
      </note>
      <note>
        <pitch>
          <step>D</step>
          <octave>4</octave>
        </pitch>
        <duration>30</duration>
        <voice>1</voice>
        <type>16th</type>
        <beam number="1">continue</beam>
      </note>
      <note>
        <pitch>
          <step>F</step>
          <octave>4</octave>
        </pitch>
        <duration>30</duration>
        <voice>1</voice>
        <type>16th</type>
        <beam number="1">continue</beam>
      </note>
      <note>
        <pitch>
          <step>D</step>
          <octave>4</octave>
        </pitch>
        <duration>30</duration>
        <voice>1</voice>
        <type>16th</type>
        <beam number="1">continue</beam>
      </note>
      <note>
        <pitch>
          <step>A</step>
          <octave>3</octave>
        </pitch>
        <duration>60</duration>
        <voice>1</voice>
        <type>eighth</type>
        <beam number="1">end</beam>
      </note>
      <note>
        <pitch>
          <step>E</step>
          <octave>4</octave>
        </pitch>
        <duration>60</duration>
        <voice>1</voice>
        <type>eighth</type>
        <beam number="1">begin</beam>
      </note>
      <note>
        <pitch>
          <step>A</step>
          <octave>3</octave>
        </pitch>
        <duration>30</duration>
        <voice>1</voice>
        <type>16th</type>
        <beam number="1">continue</beam>
      </note>
      <note>
        <pitch>
          <step>E</step>
          <octave>4</octave>
        </pitch>
        <duration>30</duration>
        <voice>1</voice>
        <type>16th</type>
        <beam number="1">continue</beam>
      </note>
      <note>
        <pitch>
          <step>F</step>
          <octave>4</octave>
        </pitch>
        <duration>30</duration>
        <voice>1</voice>
        <type>16th</type>
        <beam number="1">continue</beam>
      </note>
      <note>
        <pitch>
          <step>E</step>
          <octave>4</octave>
        </pitch>
        <duration>30</duration>
        <voice>1</voice>
        <type>16th</type>
        <beam number="1">continue</beam>
      </note>
      <note>
        <pitch>
          <step>A</step>
          <octave>3</octave>
        </pitch>
        <duration>60</duration>
        <voice>1</voice>
        <type>eighth</type>
        <beam number="1">end</beam>
      </note>
      <backup>
        <duration>480</duration>
      </backup>
      <note>
        <pitch>
          <step>D</step>
          <octave>2</octave>
        </pitch>
        <duration>240</duration>
        <voice>2</voice>
        <type>half</type>
      </note>
      <note>
        <pitch>
          <step>C</step>
          <octave>2</octave>
        </pitch>
        <duration>240</duration>
        <voice>2</voice>
        <type>half</type>
      </note>
      <backup>
        <duration>480</duration>
      </backup>
      <note print-object="no">
        <rest measure="yes" />
        <duration>480</duration>
        <voice>3</voice>
      </note>
    </measure>
    <measure number="34">
      <note>
        <pitch>
          <step>D</step>
          <octave>4</octave>
        </pitch>
        <duration>60</duration>
        <voice>1</voice>
        <type>eighth</type>
        <beam number="1">begin</beam>
      </note>
      <note>
        <pitch>
          <step>A</step>
          <octave>3</octave>
        </pitch>
        <duration>30</duration>
        <voice>1</voice>
        <type>16th</type>
        <beam number="1">continue</beam>
      </note>
      <note>
        <pitch>
          <step>D</step>
          <octave>4</octave>
        </pitch>
        <duration>30</duration>
        <voice>1</voice>
        <type>16th</type>
        <beam number="1">continue</beam>
      </note>
      <note>
        <pitch>
          <step>F</step>
          <octave>4</octave>
        </pitch>
        <duration>30</duration>
        <voice>1</voice>
        <type>16th</type>
        <beam number="1">continue</beam>
      </note>
      <note>
        <pitch>
          <step>D</step>
          <octave>4</octave>
        </pitch>
        <duration>30</duration>
        <voice>1</voice>
        <type>16th</type>
        <beam number="1">continue</beam>
      </note>
      <note>
        <pitch>
          <step>A</step>
          <octave>3</octave>
        </pitch>
        <duration>60</duration>
        <voice>1</voice>
        <type>eighth</type>
        <beam number="1">end</beam>
      </note>
      <note>
        <pitch>
          <step>D</step>
          <octave>4</octave>
        </pitch>
        <duration>180</duration>
        <voice>1</voice>
        <type>quarter</type>
        <dot />
      </note>
      <note>
        <pitch>
          <step>A</step>
          <octave>3</octave>
        </pitch>
        <duration>60</duration>
        <voice>1</voice>
        <type>eighth</type>
        </note>
      <backup>
        <duration>480</duration>
      </backup>
      <note>
        <pitch>
          <step>D</step>
          <octave>2</octave>
        </pitch>
        <duration>240</duration>
        <voice>2</voice>
        <type>half</type>
      </note>
      <note>
        <pitch>
          <step>D</step>
          <octave>2</octave>
        </pitch>
        <duration>240</duration>
        <voice>2</voice>
        <type>half</type>
      </note>
      <backup>
        <duration>480</duration>
      </backup>
      <note print-object="no">
        <rest measure="yes" />
        <duration>480</duration>
        <voice>3</voice>
      </note>
    </measure>
    <measure number="37">
      <print new-system="yes" />
      <note>
        <pitch>
          <step>F</step>
          <octave>4</octave>
        </pitch>
        <duration>60</duration>
        <voice>1</voice>
        <type>eighth</type>
        <beam number="1">begin</beam>
      </note>
      <note>
        <pitch>
          <step>A</step>
          <octave>3</octave>
        </pitch>
        <duration>60</duration>
        <voice>1</voice>
        <type>eighth</type>
        <beam number="1">continue</beam>
      </note>
      <note>
        <pitch>
          <step>D</step>
          <octave>4</octave>
        </pitch>
        <duration>60</duration>
        <voice>1</voice>
        <type>eighth</type>
        <beam number="1">continue</beam>
      </note>
      <note>
        <pitch>
          <step>F</step>
          <octave>4</octave>
        </pitch>
        <duration>60</duration>
        <voice>1</voice>
        <type>eighth</type>
        <beam number="1">end</beam>
      </note>
      <note>
        <pitch>
          <step>G</step>
          <octave>4</octave>
        </pitch>
        <duration>60</duration>
        <voice>1</voice>
        <type>eighth</type>
        <beam number="1">begin</beam>
      </note>
      <note>
        <pitch>
          <step>A</step>
          <octave>3</octave>
        </pitch>
        <duration>60</duration>
        <voice>1</voice>
        <type>eighth</type>
        <beam number="1">continue</beam>
      </note>
      <note>
        <pitch>
          <step>D</step>
          <octave>4</octave>
        </pitch>
        <duration>60</duration>
        <voice>1</voice>
        <type>eighth</type>
        <beam number="1">continue</beam>
      </note>
      <note>
        <pitch>
          <step>G</step>
          <octave>4</octave>
        </pitch>
        <duration>60</duration>
        <voice>1</voice>
        <type>eighth</type>
        <beam number="1">end</beam>
      </note>
      <backup>
        <duration>480</duration>
      </backup>
      <note>
        <pitch>
          <step>D</step>
          <octave>2</octave>
        </pitch>
        <duration>240</duration>
        <voice>2</voice>
        <type>half</type>
      </note>
      <note>
        <pitch>
          <step>E</step>
          <octave>2</octave>
        </pitch>
        <duration>240</duration>
        <voice>2</voice>
        <type>half</type>
      </note>
      <backup>
        <duration>480</duration>
      </backup>
      <note print-object="no">
        <rest measure="yes" />
        <duration>480</duration>
        <voice>3</voice>
      </note>
    </measure>
    <measure number="40">
      <note>
        <pitch>
          <step>A</step>
          <octave>4</octave>
        </pitch>
        <duration>60</duration>
        <voice>1</voice>
        <type>eighth</type>
        <beam number="1">begin</beam>
      </note>
      <note>
        <pitch>
          <step>A</step>
          <octave>3</octave>
        </pitch>
        <duration>60</duration>
        <voice>1</voice>
        <type>eighth</type>
        <beam number="1">continue</beam>
      </note>
      <note>
        <pitch>
          <step>D</step>
          <octave>4</octave>
        </pitch>
        <duration>60</duration>
        <voice>1</voice>
        <type>eighth</type>
        <beam number="1">continue</beam>
      </note>
      <note>
        <pitch>
          <step>G</step>
          <octave>4</octave>
        </pitch>
        <duration>60</duration>
        <voice>1</voice>
        <type>eighth</type>
        <beam number="1">end</beam>
        <notations>
          <slur number="1" type="start" />
        </notations>
      </note>
      <note>
        <pitch>
          <step>A</step>
          <octave>4</octave>
        </pitch>
        <duration>180</duration>
        <voice>1</voice>
        <type>quarter</type>
        <dot />
        <notations>
          <slur number="1" type="stop" />
        </notations>
      </note>
      <direction placement="above">
        <direction-type>
          <words>V</words>
        </direction-type>
      </direction>
      <note>
        <pitch>
          <step>A</step>
          <octave>4</octave>
        </pitch>
        <duration>60</duration>
        <voice>1</voice>
        <type>eighth</type>
        </note>
      <backup>
        <duration>480</duration>
      </backup>
      <note>
        <pitch>
          <step>F</step>
          <octave>2</octave>
        </pitch>
        <duration>480</duration>
        <voice>2</voice>
        <type>whole</type>
      </note>
      <backup>
        <duration>480</duration>
      </backup>
      <note print-object="no">
        <rest measure="yes" />
        <duration>480</duration>
        <voice>3</voice>
      </note>
    </measure>
    <measure number="43">
      <note>
        <pitch>
          <step>C</step>
          <octave>5</octave>
        </pitch>
        <duration>60</duration>
        <voice>1</voice>
        <type>eighth</type>
        <beam number="1">begin</beam>
      </note>
      <note>
        <pitch>
          <step>A</step>
          <octave>3</octave>
        </pitch>
        <duration>30</duration>
        <voice>1</voice>
        <type>16th</type>
        <beam number="1">continue</beam>
      </note>
      <note>
        <pitch>
          <step>D</step>
          <octave>4</octave>
        </pitch>
        <duration>30</duration>
        <voice>1</voice>
        <type>16th</type>
        <beam number="1">continue</beam>
      </note>
      <note>
        <pitch>
          <step>C</step>
          <octave>5</octave>
        </pitch>
        <duration>30</duration>
        <voice>1</voice>
        <type>16th</type>
        <beam number="1">continue</beam>
        <notations>
          <slur number="1" type="start" />
        </notations>
      </note>
      <note>
        <pitch>
          <step>B</step>
          <alter>0</alter>
          <octave>4</octave>
        </pitch>
        <duration>90</duration>
        <voice>1</voice>
        <type>eighth</type>
        <dot />
        <accidental>natural</accidental>
        <beam number="1">end</beam>
        <notations>
          <slur number="1" type="stop" />
        </notations>
      </note>
      <note>
        <pitch>
          <step>B</step>
          <alter>0</alter>
          <octave>4</octave>
        </pitch>
        <duration>60</duration>
        <voice>1</voice>
        <type>eighth</type>
        <accidental>natural</accidental>
        <beam number="1">begin</beam>
      </note>
      <note>
        <pitch>
          <step>A</step>
          <octave>3</octave>
        </pitch>
        <duration>30</duration>
        <voice>1</voice>
        <type>16th</type>
        <beam number="1">continue</beam>
      </note>
      <note>
        <pitch>
          <step>D</step>
          <octave>4</octave>
        </pitch>
        <duration>30</duration>
        <voice>1</voice>
        <type>16th</type>
        <beam number="1">continue</beam>
      </note>
      <note>
        <pitch>
          <step>B</step>
          <alter>0</alter>
          <octave>4</octave>
        </pitch>
        <duration>30</duration>
        <voice>1</voice>
        <type>16th</type>
        <beam number="1">continue</beam>
        <notations>
          <slur number="1" type="start" />
        </notations>
      </note>
      <note>
        <pitch>
          <step>A</step>
          <octave>4</octave>
        </pitch>
        <duration>90</duration>
        <voice>1</voice>
        <type>eighth</type>
        <dot />
        <beam number="1">end</beam>
        <notations>
          <slur number="1" type="stop" />
        </notations>
      </note>
      <backup>
        <duration>480</duration>
      </backup>
      <note>
        <pitch>
          <step>A</step>
          <octave>2</octave>
        </pitch>
        <duration>240</duration>
        <voice>2</voice>
        <type>half</type>
      </note>
      <note>
        <pitch>
          <step>D</step>
          <octave>3</octave>
        </pitch>
        <duration>240</duration>
        <voice>2</voice>
        <type>half</type>
      </note>
      <backup>
        <duration>480</duration>
      </backup>
      <note print-object="no">
        <rest measure="yes" />
        <duration>480</duration>
        <voice>3</voice>
      </note>
    </measure>
    <measure number="46">
      <print new-system="yes" />
      <direction placement="above">
        <direction-type>
          <words>II</words>
        </direction-type>
      </direction>
      <note>
        <pitch>
          <step>A</step>
          <octave>4</octave>
        </pitch>
        <duration>60</duration>
        <voice>1</voice>
        <type>eighth</type>
        <beam number="1">begin</beam>
      </note>
      <note>
        <pitch>
          <step>A</step>
          <octave>3</octave>
        </pitch>
        <duration>30</duration>
        <voice>1</voice>
        <type>16th</type>
        <beam number="1">continue</beam>
      </note>
      <note>
        <pitch>
          <step>D</step>
          <octave>4</octave>
        </pitch>
        <duration>30</duration>
        <voice>1</voice>
        <type>16th</type>
        <beam number="1">continue</beam>
      </note>
      <note>
        <pitch>
          <step>A</step>
          <octave>4</octave>
        </pitch>
        <duration>30</duration>
        <voice>1</voice>
        <type>16th</type>
        <beam number="1">continue</beam>
        <notations>
          <slur number="1" type="start" />
        </notations>
      </note>
      <note>
        <pitch>
          <step>G</step>
          <octave>4</octave>
        </pitch>
        <duration>90</duration>
        <voice>1</voice>
        <type>eighth</type>
        <dot />
        <beam number="1">end</beam>
        <notations>
          <slur number="1" type="stop" />
        </notations>
      </note>
      <note>
        <pitch>
          <step>G</step>
          <octave>4</octave>
        </pitch>
        <duration>60</duration>
        <voice>1</voice>
        <type>eighth</type>
        <beam number="1">begin</beam>
      </note>
      <note>
        <pitch>
          <step>A</step>
          <octave>3</octave>
        </pitch>
        <duration>60</duration>
        <voice>1</voice>
        <type>eighth</type>
        <beam number="1">continue</beam>
      </note>
      <note>
        <chord />
        <pitch>
          <step>D</step>
          <octave>4</octave>
        </pitch>
        <duration>60</duration>
        <voice>1</voice>
        <type>eighth</type>
      </note>
      <note>
        <pitch>
          <step>A</step>
          <octave>4</octave>
        </pitch>
        <duration>60</duration>
        <voice>1</voice>
        <type>eighth</type>
        <beam number="1">continue</beam>
      </note>
      <note>
        <pitch>
          <step>A</step>
          <octave>3</octave>
        </pitch>
        <duration>60</duration>
        <voice>1</voice>
        <type>eighth</type>
        <beam number="1">end</beam>
      </note>
      <note>
        <chord />
        <pitch>
          <step>D</step>
          <octave>4</octave>
        </pitch>
        <duration>60</duration>
        <voice>1</voice>
        <type>eighth</type>
      </note>
      <backup>
        <duration>480</duration>
      </backup>
      <note>
        <pitch>
          <step>F</step>
          <octave>3</octave>
        </pitch>
        <duration>240</duration>
        <voice>2</voice>
        <type>half</type>
      </note>
      <note>
        <pitch>
          <step>A</step>
          <octave>2</octave>
        </pitch>
        <duration>240</duration>
        <voice>2</voice>
        <type>half</type>
      </note>
      <backup>
        <duration>480</duration>
      </backup>
      <note print-object="no">
        <rest measure="yes" />
        <duration>480</duration>
        <voice>3</voice>
      </note>
    </measure>
    <measure number="49">
      <note>
        <pitch>
          <step>G</step>
          <octave>4</octave>
        </pitch>
        <duration>60</duration>
        <voice>1</voice>
        <type>eighth</type>
        <beam number="1">begin</beam>
      </note>
      <note>
        <pitch>
          <step>A</step>
          <octave>3</octave>
        </pitch>
        <duration>60</duration>
        <voice>1</voice>
        <type>eighth</type>
        <beam number="1">continue</beam>
      </note>
      <note>
        <chord />
        <pitch>
          <step>D</step>
          <octave>4</octave>
        </pitch>
        <duration>60</duration>
        <voice>1</voice>
        <type>eighth</type>
      </note>
      <note>
        <pitch>
          <step>F</step>
          <octave>4</octave>
        </pitch>
        <duration>60</duration>
        <voice>1</voice>
        <type>eighth</type>
        <beam number="1">continue</beam>
      </note>
      <note>
        <pitch>
          <step>A</step>
          <octave>3</octave>
        </pitch>
        <duration>60</duration>
        <voice>1</voice>
        <type>eighth</type>
        <beam number="1">end</beam>
      </note>
      <note>
        <chord />
        <pitch>
          <step>D</step>
          <octave>4</octave>
        </pitch>
        <duration>60</duration>
        <voice>1</voice>
        <type>eighth</type>
      </note>
      <note>
        <pitch>
          <step>E</step>
          <octave>4</octave>
        </pitch>
        <duration>60</duration>
        <voice>1</voice>
        <type>eighth</type>
        <beam number="1">begin</beam>
      </note>
      <note>
        <pitch>
          <step>A</step>
          <octave>3</octave>
        </pitch>
        <duration>30</duration>
        <voice>1</voice>
        <type>16th</type>
        <beam number="1">continue</beam>
      </note>
      <note>
        <pitch>
          <step>E</step>
          <octave>4</octave>
        </pitch>
        <duration>30</duration>
        <voice>1</voice>
        <type>16th</type>
        <beam number="1">continue</beam>
      </note>
      <note>
        <pitch>
          <step>F</step>
          <octave>4</octave>
        </pitch>
        <duration>30</duration>
        <voice>1</voice>
        <type>16th</type>
        <beam number="1">continue</beam>
      </note>
      <note>
        <pitch>
          <step>E</step>
          <octave>4</octave>
        </pitch>
        <duration>30</duration>
        <voice>1</voice>
        <type>16th</type>
        <beam number="1">continue</beam>
      </note>
      <note>
        <pitch>
          <step>A</step>
          <octave>3</octave>
        </pitch>
        <duration>60</duration>
        <voice>1</voice>
        <type>eighth</type>
        <beam number="1">end</beam>
      </note>
      <backup>
        <duration>480</duration>
      </backup>
      <note>
        <pitch>
          <step>G</step>
          <octave>2</octave>
        </pitch>
        <duration>240</duration>
        <voice>2</voice>
        <type>half</type>
      </note>
      <note>
        <pitch>
          <step>A</step>
          <octave>2</octave>
        </pitch>
        <duration>240</duration>
        <voice>2</voice>
        <type>half</type>
      </note>
      <backup>
        <duration>480</duration>
      </backup>
      <note print-object="no">
        <rest measure="yes" />
        <duration>480</duration>
        <voice>3</voice>
      </note>
    </measure>
    <measure number="52">
      <note>
        <pitch>
          <step>A</step>
          <octave>3</octave>
        </pitch>
        <duration>360</duration>
        <voice>1</voice>
        <type>half</type>
        <dot />
      </note>
      <note>
        <chord />
        <pitch>
          <step>D</step>
          <octave>4</octave>
        </pitch>
        <duration>360</duration>
        <voice>1</voice>
        <type>half</type>
        <dot />
      </note>
      <note>
        <rest />
        <duration>120</duration>
        <voice>1</voice>
        <type>quarter</type>
      </note>
      <backup>
        <duration>480</duration>
      </backup>
      <note>
        <pitch>
          <step>D</step>
          <octave>3</octave>
        </pitch>
        <duration>360</duration>
        <voice>2</voice>
        <type>half</type>
        <dot />
      </note>
      <note>
        <chord />
        <pitch>
          <step>F</step>
          <octave>3</octave>
        </pitch>
        <duration>360</duration>
        <voice>2</voice>
        <type>half</type>
        <dot />
      </note>
      <note>
        <rest />
        <duration>120</duration>
        <voice>2</voice>
        <type>quarter</type>
      </note>
      <backup>
        <duration>480</duration>
      </backup>
      <note print-object="no">
        <rest measure="yes" />
        <duration>480</duration>
        <voice>3</voice>
      </note>
      <barline location="right">
        <bar-style>light-heavy</bar-style>
      </barline>
    </measure>
  </part>
</score-partwise>
