<?xml version='1.0' encoding='utf-8'?>
<!DOCTYPE score-partwise PUBLIC "-//Recordare//DTD MusicXML 3.0 Partwise//EN" "http://www.musicxml.org/dtds/partwise.dtd">
<score-partwise>
  <work>
    <work-number>Greensleeves</work-number>
    <work-title>What Child Is This</work-title>
  </work>
  <identification>
    <creator type="composer">Lyrics: W. Chatterton Dix (1837-1898)</creator>
    <encoding>
      <encoder>abc2xml version 236</encoder>
      <supports attribute="new-system" element="print" type="yes" value="yes" />
      <encoding-date>2022-12-04</encoding-date>
    </encoding>
  </identification>
  <part-list>
    <score-part id="P1">
      <part-name />
    </score-part>
  </part-list>
  <part id="P1">
    <measure number="1">
      <attributes>
        <divisions>120</divisions>
        <key>
          <fifths>0</fifths>
          <mode>major</mode>
        </key>
        <time>
          <beats>6</beats>
          <beat-type>8</beat-type>
        </time>
        <clef>
          <sign>G</sign>
          <line>2</line>
          <clef-octave-change>-1</clef-octave-change>
        </clef>
      </attributes>
      <note>
        <pitch>
          <step>A</step>
          <octave>3</octave>
        </pitch>
        <duration>60</duration>
        <voice>1</voice>
        <type>eighth</type>
        <lyric number="1">
          <syllabic>single</syllabic>
          <text>1 What</text>
        </lyric>
        <lyric number="2">
          <syllabic>single</syllabic>
          <text>2 Why</text>
        </lyric>
        <lyric number="3">
          <syllabic>single</syllabic>
          <text>3 So</text>
        </lyric>
      </note>
      <backup>
        <duration>60</duration>
      </backup>
      <note print-object="no">
        <rest />
        <duration>60</duration>
        <voice>2</voice>
        <type>eighth</type>
      </note>
    </measure>
    <measure number="3">
      <note>
        <pitch>
          <step>C</step>
          <octave>4</octave>
        </pitch>
        <duration>120</duration>
        <voice>1</voice>
        <type>quarter</type>
        <lyric number="1">
          <syllabic>single</syllabic>
          <text>Child</text>
        </lyric>
        <lyric number="2">
          <syllabic>single</syllabic>
          <text>lies</text>
        </lyric>
        <lyric number="3">
          <syllabic>single</syllabic>
          <text>bring</text>
        </lyric>
      </note>
      <note>
        <pitch>
          <step>D</step>
          <octave>4</octave>
        </pitch>
        <duration>60</duration>
        <voice>1</voice>
        <type>eighth</type>
        <lyric number="1">
          <syllabic>single</syllabic>
          <text>is</text>
        </lyric>
        <lyric number="2">
          <syllabic>single</syllabic>
          <text>He</text>
        </lyric>
        <lyric number="3">
          <syllabic>single</syllabic>
          <text>Him</text>
        </lyric>
      </note>
      <note>
        <pitch>
          <step>E</step>
          <octave>4</octave>
        </pitch>
        <duration>90</duration>
        <voice>1</voice>
        <type>eighth</type>
        <dot />
        <beam number="1">begin</beam>
        <lyric number="1">
          <syllabic>single</syllabic>
          <text>this</text>
          <extend type="start" />
        </lyric>
        <lyric number="2">
          <syllabic>single</syllabic>
          <text>in</text>
          <extend type="start" />
        </lyric>
        <lyric number="3">
          <syllabic>begin</syllabic>
          <text>in</text>
          <extend type="start" />
        </lyric>
      </note>
      <note>
        <pitch>
          <step>F</step>
          <octave>4</octave>
        </pitch>
        <duration>30</duration>
        <voice>1</voice>
        <type>16th</type>
        <beam number="1">continue</beam>
        <lyric number="1">
          <extend type="stop" />
        </lyric>
        <lyric number="2">
          <extend type="stop" />
        </lyric>
        <lyric number="3">
          <extend type="stop" />
        </lyric>
      </note>
      <note>
        <pitch>
          <step>E</step>
          <octave>4</octave>
        </pitch>
        <duration>60</duration>
        <voice>1</voice>
        <type>eighth</type>
        <beam number="1">end</beam>
        <lyric number="1">
          <syllabic>single</syllabic>
          <text>who,</text>
        </lyric>
        <lyric number="2">
          <syllabic>single</syllabic>
          <text>such</text>
        </lyric>
        <lyric number="3">
          <syllabic>end</syllabic>
          <text>cense,</text>
        </lyric>
      </note>
      <backup>
        <duration>360</duration>
      </backup>
      <note>
        <pitch>
          <step>A</step>
          <octave>2</octave>
        </pitch>
        <duration>180</duration>
        <voice>2</voice>
        <type>quarter</type>
        <dot />
        <lyric number="4">
          <syllabic>single</syllabic>
          <text>laid</text>
        </lyric>
        <lyric number="5">
          <syllabic>single</syllabic>
          <text>mean</text>
        </lyric>
        <lyric number="6">
          <syllabic>single</syllabic>
          <text>gold,</text>
        </lyric>
      </note>
      <note>
        <pitch>
          <step>C</step>
          <octave>3</octave>
        </pitch>
        <duration>180</duration>
        <voice>2</voice>
        <type>quarter</type>
        <dot />
        <lyric number="4">
          <syllabic>single</syllabic>
          <text>to</text>
        </lyric>
        <lyric number="5">
          <syllabic>begin</syllabic>
          <text>es</text>
        </lyric>
        <lyric number="6">
          <syllabic>single</syllabic>
          <text>and</text>
        </lyric>
      </note>
    </measure>
    <measure number="5">
      <note>
        <pitch>
          <step>D</step>
          <octave>4</octave>
        </pitch>
        <duration>120</duration>
        <voice>1</voice>
        <type>quarter</type>
        <lyric number="1">
          <syllabic>single</syllabic>
          <text>rest</text>
          <extend type="start" />
        </lyric>
        <lyric number="2">
          <syllabic>end</syllabic>
          <text>tate,</text>
          <extend type="start" />
        </lyric>
        <lyric number="3">
          <syllabic>single</syllabic>
          <text>myrrh,</text>
          <extend type="start" />
        </lyric>
      </note>
      <note>
        <pitch>
          <step>B</step>
          <octave>3</octave>
        </pitch>
        <duration>60</duration>
        <voice>1</voice>
        <type>eighth</type>
        <lyric number="1">
          <extend type="stop" />
        </lyric>
        <lyric number="2">
          <extend type="stop" />
        </lyric>
        <lyric number="3">
          <extend type="stop" />
        </lyric>
      </note>
      <note>
        <pitch>
          <step>G</step>
          <octave>3</octave>
        </pitch>
        <duration>90</duration>
        <voice>1</voice>
        <type>eighth</type>
        <dot />
        <beam number="1">begin</beam>
        <lyric number="1">
          <syllabic>single</syllabic>
          <text>On</text>
        </lyric>
        <lyric number="2">
          <syllabic>single</syllabic>
          <text>Where</text>
        </lyric>
        <lyric number="3">
          <syllabic>single</syllabic>
          <text>Come</text>
        </lyric>
      </note>
      <note>
        <pitch>
          <step>A</step>
          <octave>3</octave>
        </pitch>
        <duration>30</duration>
        <voice>1</voice>
        <type>16th</type>
        <beam number="1">continue</beam>
      </note>
      <note>
        <pitch>
          <step>B</step>
          <octave>3</octave>
        </pitch>
        <duration>60</duration>
        <voice>1</voice>
        <type>eighth</type>
        <beam number="1">end</beam>
      </note>
      <backup>
        <duration>360</duration>
      </backup>
      <note>
        <pitch>
          <step>G</step>
          <octave>2</octave>
        </pitch>
        <duration>180</duration>
        <voice>2</voice>
        <type>quarter</type>
        <dot />
        <lyric number="4">
          <syllabic>begin</syllabic>
          <text>Ma</text>
        </lyric>
        <lyric number="5">
          <syllabic>single</syllabic>
          <text>ox</text>
        </lyric>
        <lyric number="6">
          <syllabic>begin</syllabic>
          <text>pea</text>
        </lyric>
      </note>
      <note>
        <pitch>
          <step>B</step>
          <octave>2</octave>
        </pitch>
        <duration>180</duration>
        <voice>2</voice>
        <type>quarter</type>
        <dot />
        <lyric number="4">
          <syllabic>end</syllabic>
          <text>ry’s</text>
        </lyric>
        <lyric number="5">
          <syllabic>single</syllabic>
          <text>and</text>
        </lyric>
        <lyric number="6">
          <syllabic>end</syllabic>
          <text>sant,</text>
        </lyric>
      </note>
    </measure>
    <measure number="7">
      <note>
        <pitch>
          <step>C</step>
          <octave>4</octave>
        </pitch>
        <duration>120</duration>
        <voice>1</voice>
        <type>quarter</type>
        <lyric number="1">
          <syllabic>single</syllabic>
          <text>lap</text>
          <extend type="start" />
        </lyric>
        <lyric number="2">
          <syllabic>single</syllabic>
          <text>ass</text>
          <extend type="start" />
        </lyric>
        <lyric number="3">
          <syllabic>single</syllabic>
          <text>king</text>
          <extend type="start" />
        </lyric>
      </note>
      <note>
        <pitch>
          <step>A</step>
          <octave>3</octave>
        </pitch>
        <duration>60</duration>
        <voice>1</voice>
        <type>eighth</type>
        <lyric number="1">
          <extend type="stop" />
        </lyric>
        <lyric number="2">
          <extend type="stop" />
        </lyric>
        <lyric number="3">
          <extend type="stop" />
        </lyric>
      </note>
      <note>
        <pitch>
          <step>A</step>
          <octave>3</octave>
        </pitch>
        <duration>90</duration>
        <voice>1</voice>
        <type>eighth</type>
        <dot />
        <beam number="1">begin</beam>
        <lyric number="1">
          <syllabic>single</syllabic>
          <text>is</text>
        </lyric>
        <lyric number="2">
          <syllabic>single</syllabic>
          <text>are</text>
        </lyric>
        <lyric number="3">
          <syllabic>single</syllabic>
          <text>to</text>
        </lyric>
      </note>
      <note>
        <pitch>
          <step>G</step>
          <alter>1</alter>
          <octave>3</octave>
        </pitch>
        <duration>30</duration>
        <voice>1</voice>
        <type>16th</type>
        <accidental>sharp</accidental>
        <beam number="1">continue</beam>
      </note>
      <note>
        <pitch>
          <step>A</step>
          <octave>3</octave>
        </pitch>
        <duration>60</duration>
        <voice>1</voice>
        <type>eighth</type>
        <beam number="1">end</beam>
      </note>
      <backup>
        <duration>360</duration>
      </backup>
      <note>
        <pitch>
          <step>A</step>
          <octave>2</octave>
        </pitch>
        <duration>180</duration>
        <voice>2</voice>
        <type>quarter</type>
        <dot />
        <lyric number="4">
          <syllabic>begin</syllabic>
          <text>sleep</text>
        </lyric>
        <lyric number="5">
          <syllabic>begin</syllabic>
          <text>feed</text>
        </lyric>
        <lyric number="6">
          <syllabic>single</syllabic>
          <text>own</text>
        </lyric>
      </note>
      <note>
        <pitch>
          <step>D</step>
          <octave>3</octave>
        </pitch>
        <duration>180</duration>
        <voice>2</voice>
        <type>quarter</type>
        <dot />
        <lyric number="4">
          <syllabic>end</syllabic>
          <text>ing?</text>
        </lyric>
        <lyric number="5">
          <syllabic>end</syllabic>
          <text>ing?</text>
        </lyric>
        <lyric number="6">
          <syllabic>single</syllabic>
          <text>Him.</text>
        </lyric>
      </note>
    </measure>
    <measure number="9">
      <note>
        <pitch>
          <step>B</step>
          <octave>3</octave>
        </pitch>
        <duration>180</duration>
        <voice>1</voice>
        <type>quarter</type>
        <dot />
      </note>
      <note>
        <pitch>
          <step>E</step>
          <octave>3</octave>
        </pitch>
        <duration>120</duration>
        <voice>1</voice>
        <type>quarter</type>
      </note>
      <note>
        <pitch>
          <step>A</step>
          <octave>3</octave>
        </pitch>
        <duration>60</duration>
        <voice>1</voice>
        <type>eighth</type>
        </note>
      <backup>
        <duration>360</duration>
      </backup>
      <note>
        <pitch>
          <step>E</step>
          <octave>3</octave>
        </pitch>
        <duration>180</duration>
        <voice>2</voice>
        <type>quarter</type>
        <dot />
      </note>
      <note>
        <pitch>
          <step>E</step>
          <octave>2</octave>
        </pitch>
        <duration>120</duration>
        <voice>2</voice>
        <type>quarter</type>
      </note>
      <note print-object="no">
        <rest />
        <duration>60</duration>
        <voice>2</voice>
        <type>eighth</type>
      </note>
    </measure>
    <measure number="11">
      <note>
        <pitch>
          <step>C</step>
          <octave>4</octave>
        </pitch>
        <duration>120</duration>
        <voice>1</voice>
        <type>quarter</type>
        <lyric number="1">
          <syllabic>single</syllabic>
          <text>Whom</text>
        </lyric>
        <lyric number="2">
          <syllabic>single</syllabic>
          <text>Good</text>
        </lyric>
        <lyric number="3">
          <syllabic>single</syllabic>
          <text>The</text>
        </lyric>
      </note>
      <note>
        <pitch>
          <step>D</step>
          <octave>4</octave>
        </pitch>
        <duration>60</duration>
        <voice>1</voice>
        <type>eighth</type>
        </note>
      <note>
        <pitch>
          <step>E</step>
          <octave>4</octave>
        </pitch>
        <duration>90</duration>
        <voice>1</voice>
        <type>eighth</type>
        <dot />
        <beam number="1">begin</beam>
      </note>
      <note>
        <pitch>
          <step>F</step>
          <octave>4</octave>
        </pitch>
        <duration>30</duration>
        <voice>1</voice>
        <type>16th</type>
        <beam number="1">continue</beam>
      </note>
      <note>
        <pitch>
          <step>E</step>
          <octave>4</octave>
        </pitch>
        <duration>60</duration>
        <voice>1</voice>
        <type>eighth</type>
        <beam number="1">end</beam>
      </note>
      <backup>
        <duration>360</duration>
      </backup>
      <note>
        <pitch>
          <step>A</step>
          <octave>2</octave>
        </pitch>
        <duration>180</duration>
        <voice>2</voice>
        <type>quarter</type>
        <dot />
        <lyric number="4">
          <syllabic>begin</syllabic>
          <text>an</text>
        </lyric>
        <lyric number="5">
          <syllabic>begin</syllabic>
          <text>Chris</text>
        </lyric>
        <lyric number="6">
          <syllabic>single</syllabic>
          <text>King</text>
        </lyric>
      </note>
      <note>
        <pitch>
          <step>C</step>
          <octave>3</octave>
        </pitch>
        <duration>180</duration>
        <voice>2</voice>
        <type>quarter</type>
        <dot />
        <lyric number="4">
          <syllabic>end</syllabic>
          <text>gels</text>
        </lyric>
        <lyric number="5">
          <syllabic>end</syllabic>
          <text>tian,</text>
        </lyric>
        <lyric number="6">
          <syllabic>single</syllabic>
          <text>of</text>
        </lyric>
      </note>
    </measure>
    <measure number="13">
      <note>
        <pitch>
          <step>D</step>
          <octave>4</octave>
        </pitch>
        <duration>120</duration>
        <voice>1</voice>
        <type>quarter</type>
        <lyric number="1">
          <syllabic>single</syllabic>
          <text>greet</text>
          <extend type="start" />
        </lyric>
        <lyric number="2">
          <syllabic>single</syllabic>
          <text>fear,</text>
          <extend type="start" />
        </lyric>
        <lyric number="3">
          <syllabic>single</syllabic>
          <text>kings</text>
          <extend type="start" />
        </lyric>
      </note>
      <note>
        <pitch>
          <step>B</step>
          <octave>3</octave>
        </pitch>
        <duration>60</duration>
        <voice>1</voice>
        <type>eighth</type>
        <lyric number="1">
          <extend type="stop" />
        </lyric>
        <lyric number="2">
          <extend type="stop" />
        </lyric>
        <lyric number="3">
          <extend type="stop" />
        </lyric>
      </note>
      <note>
        <pitch>
          <step>G</step>
          <octave>3</octave>
        </pitch>
        <duration>90</duration>
        <voice>1</voice>
        <type>eighth</type>
        <dot />
        <beam number="1">begin</beam>
        <lyric number="1">
          <syllabic>single</syllabic>
          <text>with</text>
        </lyric>
        <lyric number="2">
          <syllabic>single</syllabic>
          <text>for</text>
        </lyric>
        <lyric number="3">
          <syllabic>begin</syllabic>
          <text>sal</text>
        </lyric>
      </note>
      <note>
        <pitch>
          <step>A</step>
          <octave>3</octave>
        </pitch>
        <duration>30</duration>
        <voice>1</voice>
        <type>16th</type>
        <beam number="1">continue</beam>
      </note>
      <note>
        <pitch>
          <step>B</step>
          <octave>3</octave>
        </pitch>
        <duration>60</duration>
        <voice>1</voice>
        <type>eighth</type>
        <beam number="1">end</beam>
      </note>
      <backup>
        <duration>360</duration>
      </backup>
      <note>
        <pitch>
          <step>G</step>
          <octave>2</octave>
        </pitch>
        <duration>180</duration>
        <voice>2</voice>
        <type>quarter</type>
        <dot />
        <lyric number="4">
          <syllabic>begin</syllabic>
          <text>an</text>
        </lyric>
        <lyric number="5">
          <syllabic>begin</syllabic>
          <text>sin</text>
        </lyric>
        <lyric number="6">
          <syllabic>middle</syllabic>
          <text>va</text>
        </lyric>
      </note>
      <note>
        <pitch>
          <step>B</step>
          <octave>2</octave>
        </pitch>
        <duration>180</duration>
        <voice>2</voice>
        <type>quarter</type>
        <dot />
        <lyric number="4">
          <syllabic>end</syllabic>
          <text>thems</text>
        </lyric>
        <lyric number="5">
          <syllabic>end</syllabic>
          <text>ners</text>
        </lyric>
        <lyric number="6">
          <syllabic>end</syllabic>
          <text>tion</text>
        </lyric>
      </note>
    </measure>
    <measure number="15">
      <note>
        <pitch>
          <step>C</step>
          <octave>4</octave>
        </pitch>
        <duration>90</duration>
        <voice>1</voice>
        <type>eighth</type>
        <dot />
        <beam number="1">begin</beam>
        <lyric number="1">
          <syllabic>single</syllabic>
          <text>sweet,</text>
          <extend type="start" />
        </lyric>
        <lyric number="2">
          <syllabic>single</syllabic>
          <text>here</text>
          <extend type="start" />
        </lyric>
        <lyric number="3">
          <syllabic>single</syllabic>
          <text>brings,</text>
          <extend type="start" />
        </lyric>
      </note>
      <note>
        <pitch>
          <step>B</step>
          <octave>3</octave>
        </pitch>
        <duration>30</duration>
        <voice>1</voice>
        <type>16th</type>
        <beam number="1">continue</beam>
        <lyric number="1">
          <extend type="stop" />
        </lyric>
        <lyric number="2">
          <extend type="stop" />
        </lyric>
        <lyric number="3">
          <extend type="stop" />
        </lyric>
      </note>
      <note>
        <pitch>
          <step>A</step>
          <octave>3</octave>
        </pitch>
        <duration>60</duration>
        <voice>1</voice>
        <type>eighth</type>
        <beam number="1">end</beam>
        <lyric number="1">
          <syllabic>single</syllabic>
          <text>While</text>
        </lyric>
        <lyric number="2">
          <syllabic>single</syllabic>
          <text>The</text>
        </lyric>
        <lyric number="3">
          <syllabic>single</syllabic>
          <text>Let</text>
        </lyric>
      </note>
      <note>
        <pitch>
          <step>G</step>
          <alter>1</alter>
          <octave>3</octave>
        </pitch>
        <duration>90</duration>
        <voice>1</voice>
        <type>eighth</type>
        <dot />
        <accidental>sharp</accidental>
        <beam number="1">begin</beam>
      </note>
      <note>
        <pitch>
          <step>F</step>
          <alter>1</alter>
          <octave>3</octave>
        </pitch>
        <duration>30</duration>
        <voice>1</voice>
        <type>16th</type>
        <accidental>sharp</accidental>
        <beam number="1">continue</beam>
      </note>
      <note>
        <pitch>
          <step>G</step>
          <alter>1</alter>
          <octave>3</octave>
        </pitch>
        <duration>60</duration>
        <voice>1</voice>
        <type>eighth</type>
        <beam number="1">end</beam>
      </note>
      <backup>
        <duration>360</duration>
      </backup>
      <note>
        <pitch>
          <step>A</step>
          <octave>2</octave>
        </pitch>
        <duration>180</duration>
        <voice>2</voice>
        <type>quarter</type>
        <dot />
        <lyric number="4">
          <syllabic>begin</syllabic>
          <text>shep</text>
        </lyric>
        <lyric number="5">
          <syllabic>begin</syllabic>
          <text>si</text>
        </lyric>
        <lyric number="6">
          <syllabic>begin</syllabic>
          <text>lo</text>
        </lyric>
      </note>
      <note>
        <pitch>
          <step>E</step>
          <octave>2</octave>
        </pitch>
        <duration>180</duration>
        <voice>2</voice>
        <type>quarter</type>
        <dot />
      </note>
    </measure>
    <measure number="17">
      <note>
        <pitch>
          <step>A</step>
          <octave>3</octave>
        </pitch>
        <duration>180</duration>
        <voice>1</voice>
        <type>quarter</type>
        <dot />
        <lyric number="1">
          <syllabic>end</syllabic>
          <text>herds</text>
        </lyric>
        <lyric number="2">
          <syllabic>end</syllabic>
          <text>lent</text>
        </lyric>
        <lyric number="3">
          <syllabic>end</syllabic>
          <text>ving</text>
        </lyric>
      </note>
      <note>
        <pitch>
          <step>A</step>
          <octave>3</octave>
        </pitch>
        <duration>180</duration>
        <voice>1</voice>
        <type>quarter</type>
        <dot />
        <lyric number="1">
          <syllabic>single</syllabic>
          <text>watch</text>
          <extend type="start" />
        </lyric>
        <lyric number="2">
          <syllabic>single</syllabic>
          <text>Word</text>
          <extend type="start" />
        </lyric>
        <lyric number="3">
          <syllabic>single</syllabic>
          <text>hearts</text>
          <extend type="start" />
        </lyric>
      </note>
      <backup>
        <duration>360</duration>
      </backup>
      <note>
        <pitch>
          <step>A</step>
          <octave>2</octave>
        </pitch>
        <duration>180</duration>
        <voice>2</voice>
        <type>quarter</type>
        <dot />
        <lyric number="4">
          <extend type="stop" />
        </lyric>
        <lyric number="5">
          <extend type="stop" />
        </lyric>
        <lyric number="6">
          <extend type="stop" />
        </lyric>
      </note>
      <note>
        <pitch>
          <step>A</step>
          <octave>2</octave>
        </pitch>
        <duration>180</duration>
        <voice>2</voice>
        <type>quarter</type>
        <dot />
        <lyric number="4">
          <syllabic>single</syllabic>
          <text>are</text>
        </lyric>
        <lyric number="5">
          <syllabic>single</syllabic>
          <text>is</text>
        </lyric>
        <lyric number="6">
          <syllabic>begin</syllabic>
          <text>en</text>
        </lyric>
      </note>
      <barline location="right">
        <bar-style>light-light</bar-style>
      </barline>
    </measure>
    <measure number="19">
      <note>
        <pitch>
          <step>G</step>
          <octave>4</octave>
        </pitch>
        <duration>180</duration>
        <voice>1</voice>
        <type>quarter</type>
        <dot />
        <lyric number="1">
          <syllabic>single</syllabic>
          <text>This,</text>
        </lyric>
        <lyric number="2">
          <syllabic>single</syllabic>
          <text>Nails,</text>
        </lyric>
        <lyric number="3">
          <syllabic>end</syllabic>
          <text>Raise,</text>
        </lyric>
      </note>
      <note>
        <pitch>
          <step>G</step>
          <octave>4</octave>
        </pitch>
        <duration>90</duration>
        <voice>1</voice>
        <type>eighth</type>
        <dot />
        <beam number="1">begin</beam>
        <lyric number="1">
          <syllabic>single</syllabic>
          <text>this</text>
          <extend type="start" />
        </lyric>
        <lyric number="2">
          <syllabic>single</syllabic>
          <text>spear,</text>
          <extend type="start" />
        </lyric>
        <lyric number="3">
          <syllabic>single</syllabic>
          <text>raise</text>
          <extend type="start" />
        </lyric>
      </note>
      <note>
        <pitch>
          <step>F</step>
          <alter>1</alter>
          <octave>4</octave>
        </pitch>
        <duration>30</duration>
        <voice>1</voice>
        <type>16th</type>
        <accidental>sharp</accidental>
        <beam number="1">continue</beam>
        <lyric number="1">
          <extend type="stop" />
        </lyric>
        <lyric number="2">
          <extend type="stop" />
        </lyric>
        <lyric number="3">
          <extend type="stop" />
        </lyric>
      </note>
      <note>
        <pitch>
          <step>E</step>
          <octave>4</octave>
        </pitch>
        <duration>60</duration>
        <voice>1</voice>
        <type>eighth</type>
        <beam number="1">end</beam>
        <lyric number="1">
          <syllabic>single</syllabic>
          <text>is</text>
        </lyric>
        <lyric number="2">
          <syllabic>single</syllabic>
          <text>shall</text>
        </lyric>
        <lyric number="3">
          <syllabic>single</syllabic>
          <text>the</text>
        </lyric>
      </note>
      <backup>
        <duration>360</duration>
      </backup>
      <note>
        <pitch>
          <step>E</step>
          <octave>2</octave>
        </pitch>
        <duration>180</duration>
        <voice>2</voice>
        <type>quarter</type>
        <dot />
        <lyric number="4">
          <syllabic>single</syllabic>
          <text>Christ</text>
        </lyric>
        <lyric number="5">
          <syllabic>single</syllabic>
          <text>pierce</text>
        </lyric>
        <lyric number="6">
          <syllabic>single</syllabic>
          <text>song</text>
        </lyric>
      </note>
      <note>
        <pitch>
          <step>E</step>
          <octave>2</octave>
        </pitch>
        <duration>180</duration>
        <voice>2</voice>
        <type>quarter</type>
        <dot />
        <lyric number="4">
          <syllabic>single</syllabic>
          <text>the</text>
        </lyric>
        <lyric number="5">
          <syllabic>single</syllabic>
          <text>him</text>
        </lyric>
        <lyric number="6">
          <syllabic>single</syllabic>
          <text>on</text>
        </lyric>
      </note>
    </measure>
    <measure number="21">
      <note>
        <pitch>
          <step>D</step>
          <octave>4</octave>
        </pitch>
        <duration>120</duration>
        <voice>1</voice>
        <type>quarter</type>
        <lyric number="1">
          <syllabic>single</syllabic>
          <text>King,</text>
          <extend type="start" />
        </lyric>
        <lyric number="2">
          <syllabic>single</syllabic>
          <text>through;</text>
          <extend type="start" />
        </lyric>
        <lyric number="3">
          <syllabic>single</syllabic>
          <text>high,</text>
          <extend type="start" />
        </lyric>
      </note>
      <note>
        <pitch>
          <step>B</step>
          <octave>3</octave>
        </pitch>
        <duration>60</duration>
        <voice>1</voice>
        <type>eighth</type>
        <lyric number="1">
          <extend type="stop" />
        </lyric>
        <lyric number="2">
          <extend type="stop" />
        </lyric>
        <lyric number="3">
          <extend type="stop" />
        </lyric>
      </note>
      <note>
        <pitch>
          <step>G</step>
          <octave>3</octave>
        </pitch>
        <duration>90</duration>
        <voice>1</voice>
        <type>eighth</type>
        <dot />
        <beam number="1">begin</beam>
        <lyric number="1">
          <syllabic>single</syllabic>
          <text>Whom</text>
        </lyric>
        <lyric number="2">
          <syllabic>single</syllabic>
          <text>the</text>
        </lyric>
        <lyric number="3">
          <syllabic>single</syllabic>
          <text>the</text>
        </lyric>
      </note>
      <note>
        <pitch>
          <step>A</step>
          <octave>3</octave>
        </pitch>
        <duration>30</duration>
        <voice>1</voice>
        <type>16th</type>
        <beam number="1">continue</beam>
      </note>
      <note>
        <pitch>
          <step>B</step>
          <octave>3</octave>
        </pitch>
        <duration>60</duration>
        <voice>1</voice>
        <type>eighth</type>
        <beam number="1">end</beam>
      </note>
      <backup>
        <duration>360</duration>
      </backup>
      <note>
        <pitch>
          <step>G</step>
          <octave>2</octave>
        </pitch>
        <duration>180</duration>
        <voice>2</voice>
        <type>quarter</type>
        <dot />
        <lyric number="4">
          <syllabic>begin</syllabic>
          <text>shep</text>
        </lyric>
        <lyric number="5">
          <syllabic>single</syllabic>
          <text>cross</text>
        </lyric>
        <lyric number="6">
          <syllabic>single</syllabic>
          <text>virgin</text>
        </lyric>
      </note>
      <note>
        <pitch>
          <step>B</step>
          <octave>2</octave>
        </pitch>
        <duration>180</duration>
        <voice>2</voice>
        <type>quarter</type>
        <dot />
        <lyric number="4">
          <syllabic>end</syllabic>
          <text>herds</text>
        </lyric>
        <lyric number="5">
          <syllabic>single</syllabic>
          <text>be</text>
        </lyric>
        <lyric number="6">
          <syllabic>single</syllabic>
          <text>sings</text>
        </lyric>
      </note>
    </measure>
    <measure number="23">
      <note>
        <pitch>
          <step>C</step>
          <octave>4</octave>
        </pitch>
        <duration>120</duration>
        <voice>1</voice>
        <type>quarter</type>
        <lyric number="1">
          <syllabic>single</syllabic>
          <text>guard</text>
          <extend type="start" />
        </lyric>
        <lyric number="2">
          <syllabic>single</syllabic>
          <text>borne</text>
          <extend type="start" />
        </lyric>
        <lyric number="3">
          <syllabic>single</syllabic>
          <text>her</text>
        </lyric>
      </note>
      <note>
        <pitch>
          <step>A</step>
          <octave>3</octave>
        </pitch>
        <duration>60</duration>
        <voice>1</voice>
        <type>eighth</type>
        <lyric number="1">
          <extend type="stop" />
        </lyric>
        <lyric number="2">
          <extend type="stop" />
        </lyric>
      </note>
      <note>
        <pitch>
          <step>A</step>
          <octave>3</octave>
        </pitch>
        <duration>90</duration>
        <voice>1</voice>
        <type>eighth</type>
        <dot />
        <beam number="1">begin</beam>
        <lyric number="1">
          <syllabic>single</syllabic>
          <text>and</text>
        </lyric>
        <lyric number="2">
          <syllabic>single</syllabic>
          <text>for</text>
        </lyric>
      </note>
      <note>
        <pitch>
          <step>G</step>
          <alter>1</alter>
          <octave>3</octave>
        </pitch>
        <duration>30</duration>
        <voice>1</voice>
        <type>16th</type>
        <accidental>sharp</accidental>
        <beam number="1">continue</beam>
      </note>
      <note>
        <pitch>
          <step>A</step>
          <octave>3</octave>
        </pitch>
        <duration>60</duration>
        <voice>1</voice>
        <type>eighth</type>
        <beam number="1">end</beam>
      </note>
      <backup>
        <duration>360</duration>
      </backup>
      <note>
        <pitch>
          <step>A</step>
          <octave>2</octave>
        </pitch>
        <duration>180</duration>
        <voice>2</voice>
        <type>quarter</type>
        <dot />
        <lyric number="4">
          <syllabic>begin</syllabic>
          <text>an</text>
        </lyric>
        <lyric number="5">
          <syllabic>single</syllabic>
          <text>me,</text>
        </lyric>
        <lyric number="6">
          <syllabic>begin</syllabic>
          <text>lul</text>
        </lyric>
      </note>
      <note>
        <pitch>
          <step>D</step>
          <octave>3</octave>
        </pitch>
        <duration>180</duration>
        <voice>2</voice>
        <type>quarter</type>
        <dot />
        <lyric number="4">
          <syllabic>end</syllabic>
          <text>gels</text>
        </lyric>
        <lyric number="5">
          <syllabic>single</syllabic>
          <text>for</text>
        </lyric>
        <lyric number="6">
          <syllabic>middle</syllabic>
          <text>la</text>
        </lyric>
      </note>
    </measure>
    <measure number="25">
      <note>
        <pitch>
          <step>B</step>
          <octave>3</octave>
        </pitch>
        <duration>120</duration>
        <voice>1</voice>
        <type>quarter</type>
        <lyric number="1">
          <syllabic>single</syllabic>
          <text>sing;</text>
        </lyric>
        <lyric number="2">
          <syllabic>single</syllabic>
          <text>you;</text>
        </lyric>
        <lyric number="3">
          <syllabic>end</syllabic>
          <text>by;</text>
        </lyric>
      </note>
      <note>
        <pitch>
          <step>G</step>
          <alter>1</alter>
          <octave>3</octave>
        </pitch>
        <duration>60</duration>
        <voice>1</voice>
        <type>eighth</type>
        <accidental>sharp</accidental>
        </note>
      <note>
        <pitch>
          <step>E</step>
          <octave>3</octave>
        </pitch>
        <duration>180</duration>
        <voice>1</voice>
        <type>quarter</type>
        <dot />
      </note>
      <backup>
        <duration>360</duration>
      </backup>
      <note>
        <pitch>
          <step>E</step>
          <octave>3</octave>
        </pitch>
        <duration>180</duration>
        <voice>2</voice>
        <type>quarter</type>
        <dot />
      </note>
      <note>
        <pitch>
          <step>E</step>
          <octave>2</octave>
        </pitch>
        <duration>180</duration>
        <voice>2</voice>
        <type>quarter</type>
        <dot />
      </note>
    </measure>
    <measure number="27">
      <note>
        <pitch>
          <step>G</step>
          <octave>4</octave>
        </pitch>
        <duration>180</duration>
        <voice>1</voice>
        <type>quarter</type>
        <dot />
        <lyric number="1">
          <syllabic>single</syllabic>
          <text>Haste,</text>
        </lyric>
        <lyric number="2">
          <syllabic>single</syllabic>
          <text>Hail,</text>
        </lyric>
        <lyric number="3">
          <syllabic>single</syllabic>
          <text>Joy,</text>
        </lyric>
      </note>
      <note>
        <pitch>
          <step>G</step>
          <octave>4</octave>
        </pitch>
        <duration>90</duration>
        <voice>1</voice>
        <type>eighth</type>
        <dot />
        <beam number="1">begin</beam>
        <lyric number="1">
          <syllabic>single</syllabic>
          <text>haste,</text>
          <extend type="start" />
        </lyric>
        <lyric number="2">
          <syllabic>single</syllabic>
          <text>hail</text>
          <extend type="start" />
        </lyric>
        <lyric number="3">
          <syllabic>single</syllabic>
          <text>joy,</text>
          <extend type="start" />
        </lyric>
      </note>
      <note>
        <pitch>
          <step>F</step>
          <alter>1</alter>
          <octave>4</octave>
        </pitch>
        <duration>30</duration>
        <voice>1</voice>
        <type>16th</type>
        <accidental>sharp</accidental>
        <beam number="1">continue</beam>
        <lyric number="1">
          <extend type="stop" />
        </lyric>
        <lyric number="2">
          <extend type="stop" />
        </lyric>
        <lyric number="3">
          <extend type="stop" />
        </lyric>
      </note>
      <note>
        <pitch>
          <step>E</step>
          <octave>4</octave>
        </pitch>
        <duration>60</duration>
        <voice>1</voice>
        <type>eighth</type>
        <beam number="1">end</beam>
        <lyric number="1">
          <syllabic>single</syllabic>
          <text>to</text>
        </lyric>
        <lyric number="2">
          <syllabic>single</syllabic>
          <text>the</text>
        </lyric>
        <lyric number="3">
          <syllabic>single</syllabic>
          <text>for</text>
        </lyric>
      </note>
      <backup>
        <duration>360</duration>
      </backup>
      <note>
        <pitch>
          <step>E</step>
          <octave>2</octave>
        </pitch>
        <duration>180</duration>
        <voice>2</voice>
        <type>quarter</type>
        <dot />
        <lyric number="4">
          <syllabic>single</syllabic>
          <text>bring</text>
        </lyric>
        <lyric number="5">
          <syllabic>single</syllabic>
          <text>word</text>
        </lyric>
        <lyric number="6">
          <syllabic>single</syllabic>
          <text>Christ</text>
        </lyric>
      </note>
      <note>
        <pitch>
          <step>E</step>
          <octave>2</octave>
        </pitch>
        <duration>180</duration>
        <voice>2</voice>
        <type>quarter</type>
        <dot />
        <lyric number="4">
          <syllabic>single</syllabic>
          <text>Him</text>
        </lyric>
        <lyric number="5">
          <syllabic>single</syllabic>
          <text>made</text>
        </lyric>
        <lyric number="6">
          <syllabic>single</syllabic>
          <text>is</text>
        </lyric>
      </note>
    </measure>
    <measure number="29">
      <note>
        <pitch>
          <step>D</step>
          <octave>4</octave>
        </pitch>
        <duration>120</duration>
        <voice>1</voice>
        <type>quarter</type>
        <lyric number="1">
          <syllabic>single</syllabic>
          <text>laud,</text>
          <extend type="start" />
        </lyric>
        <lyric number="2">
          <syllabic>single</syllabic>
          <text>flesh,</text>
          <extend type="start" />
        </lyric>
        <lyric number="3">
          <syllabic>single</syllabic>
          <text>born,</text>
          <extend type="start" />
        </lyric>
      </note>
      <note>
        <pitch>
          <step>B</step>
          <octave>3</octave>
        </pitch>
        <duration>60</duration>
        <voice>1</voice>
        <type>eighth</type>
        <lyric number="1">
          <extend type="stop" />
        </lyric>
        <lyric number="2">
          <extend type="stop" />
        </lyric>
        <lyric number="3">
          <extend type="stop" />
        </lyric>
      </note>
      <note>
        <pitch>
          <step>G</step>
          <octave>3</octave>
        </pitch>
        <duration>90</duration>
        <voice>1</voice>
        <type>eighth</type>
        <dot />
        <beam number="1">begin</beam>
        <lyric number="1">
          <syllabic>single</syllabic>
          <text>the</text>
        </lyric>
        <lyric number="2">
          <syllabic>single</syllabic>
          <text>the</text>
        </lyric>
        <lyric number="3">
          <syllabic>single</syllabic>
          <text>the</text>
        </lyric>
      </note>
      <note>
        <pitch>
          <step>A</step>
          <octave>3</octave>
        </pitch>
        <duration>30</duration>
        <voice>1</voice>
        <type>16th</type>
        <beam number="1">continue</beam>
      </note>
      <note>
        <pitch>
          <step>B</step>
          <octave>3</octave>
        </pitch>
        <duration>60</duration>
        <voice>1</voice>
        <type>eighth</type>
        <beam number="1">end</beam>
      </note>
      <backup>
        <duration>360</duration>
      </backup>
      <note>
        <pitch>
          <step>G</step>
          <octave>2</octave>
        </pitch>
        <duration>180</duration>
        <voice>2</voice>
        <type>quarter</type>
        <dot />
        <lyric number="4">
          <syllabic>single</syllabic>
          <text>babe,</text>
          <extend type="start" />
        </lyric>
        <lyric number="5">
          <syllabic>single</syllabic>
          <text>babe,</text>
          <extend type="start" />
        </lyric>
        <lyric number="6">
          <syllabic>single</syllabic>
          <text>babe,</text>
          <extend type="start" />
        </lyric>
      </note>
      <note>
        <pitch>
          <step>B</step>
          <octave>2</octave>
        </pitch>
        <duration>180</duration>
        <voice>2</voice>
        <type>quarter</type>
        <dot />
        <lyric number="4">
          <extend type="stop" />
        </lyric>
        <lyric number="5">
          <extend type="stop" />
        </lyric>
        <lyric number="6">
          <extend type="stop" />
        </lyric>
      </note>
    </measure>
    <measure number="31">
      <note>
        <pitch>
          <step>C</step>
          <octave>4</octave>
        </pitch>
        <duration>90</duration>
        <voice>1</voice>
        <type>eighth</type>
        <dot />
        <beam number="1">begin</beam>
        <lyric number="1">
          <syllabic>single</syllabic>
          <text>the</text>
        </lyric>
        <lyric number="2">
          <syllabic>single</syllabic>
          <text>the</text>
        </lyric>
        <lyric number="3">
          <syllabic>single</syllabic>
          <text>the</text>
        </lyric>
      </note>
      <note>
        <pitch>
          <step>B</step>
          <octave>3</octave>
        </pitch>
        <duration>30</duration>
        <voice>1</voice>
        <type>16th</type>
        <beam number="1">continue</beam>
        <lyric number="1">
          <syllabic>single</syllabic>
          <text>son</text>
          <extend type="start" />
        </lyric>
        <lyric number="2">
          <syllabic>single</syllabic>
          <text>son</text>
          <extend type="start" />
        </lyric>
        <lyric number="3">
          <syllabic>single</syllabic>
          <text>son</text>
          <extend type="start" />
        </lyric>
      </note>
      <note>
        <pitch>
          <step>A</step>
          <octave>3</octave>
        </pitch>
        <duration>60</duration>
        <voice>1</voice>
        <type>eighth</type>
        <beam number="1">end</beam>
        <lyric number="1">
          <extend type="stop" />
        </lyric>
        <lyric number="2">
          <extend type="stop" />
        </lyric>
        <lyric number="3">
          <extend type="stop" />
        </lyric>
      </note>
      <note>
        <pitch>
          <step>G</step>
          <alter>1</alter>
          <octave>3</octave>
        </pitch>
        <duration>90</duration>
        <voice>1</voice>
        <type>eighth</type>
        <dot />
        <accidental>sharp</accidental>
        <beam number="1">begin</beam>
        <lyric number="1">
          <syllabic>single</syllabic>
          <text>of</text>
        </lyric>
        <lyric number="2">
          <syllabic>single</syllabic>
          <text>of</text>
        </lyric>
        <lyric number="3">
          <syllabic>single</syllabic>
          <text>of</text>
        </lyric>
      </note>
      <note>
        <pitch>
          <step>F</step>
          <alter>1</alter>
          <octave>3</octave>
        </pitch>
        <duration>30</duration>
        <voice>1</voice>
        <type>16th</type>
        <accidental>sharp</accidental>
        <beam number="1">continue</beam>
      </note>
      <note>
        <pitch>
          <step>G</step>
          <alter>1</alter>
          <octave>3</octave>
        </pitch>
        <duration>60</duration>
        <voice>1</voice>
        <type>eighth</type>
        <beam number="1">end</beam>
      </note>
      <backup>
        <duration>360</duration>
      </backup>
      <note>
        <pitch>
          <step>A</step>
          <octave>2</octave>
        </pitch>
        <duration>180</duration>
        <voice>2</voice>
        <type>quarter</type>
        <dot />
        <lyric number="4">
          <syllabic>begin</syllabic>
          <text>Ma</text>
        </lyric>
        <lyric number="5">
          <syllabic>begin</syllabic>
          <text>Ma</text>
        </lyric>
        <lyric number="6">
          <syllabic>begin</syllabic>
          <text>Ma</text>
        </lyric>
      </note>
      <note>
        <pitch>
          <step>E</step>
          <octave>2</octave>
        </pitch>
        <duration>180</duration>
        <voice>2</voice>
        <type>quarter</type>
        <dot />
        <lyric number="4">
          <syllabic>end</syllabic>
          <text>ry.</text>
        </lyric>
        <lyric number="5">
          <syllabic>end</syllabic>
          <text>ry.</text>
        </lyric>
        <lyric number="6">
          <syllabic>end</syllabic>
          <text>ry.</text>
        </lyric>
      </note>
    </measure>
    <measure number="33">
      <note>
        <pitch>
          <step>A</step>
          <octave>3</octave>
        </pitch>
        <duration>180</duration>
        <voice>1</voice>
        <type>quarter</type>
        <dot />
      </note>
      <note>
        <pitch>
          <step>A</step>
          <octave>3</octave>
        </pitch>
        <duration>180</duration>
        <voice>1</voice>
        <type>quarter</type>
        <dot />
      </note>
      <backup>
        <duration>360</duration>
      </backup>
      <note>
        <pitch>
          <step>A</step>
          <octave>2</octave>
        </pitch>
        <duration>180</duration>
        <voice>2</voice>
        <type>quarter</type>
        <dot />
      </note>
      <note>
        <pitch>
          <step>A</step>
          <octave>2</octave>
        </pitch>
        <duration>180</duration>
        <voice>2</voice>
        <type>quarter</type>
        <dot />
      </note>
      <barline location="right">
        <bar-style>light-heavy</bar-style>
      </barline>
    </measure>
  </part>
</score-partwise>
